"companyName","discountPrice","image"
"The Pilates Connection - Mar Vista","$36",""
"The Pilates Connection - Mar Vista","$36",""
"Holistic Physical Therapy and Wellness","$24","img.grouponcdn.com/iam/i8fmY39tj6nFw4cvpudDiZMRbd3/i8-2048x1229/v1/c414x250q85.jpg"
"Smile Labs","$28","img.grouponcdn.com/deal/kvd14Lp3K65ptVbCZDN77n/94407722-2048x1229/v1/c414x250q85.jpg"
"California Medical Weight Loss","$8","img.grouponcdn.com/iam/3Syenn9CqeUdR2yY69GD/eP-4904x2943/v1/c414x250q85.jpg"
"Optical Connection","$33","img.grouponcdn.com/deal/3JgUYDvKNk5wPZgDWu9gpf1tAC8h/3J-1000x600/v1/c414x250q85.jpg"
"Rockreation","$26","img.grouponcdn.com/deal/2GNrndsvbZSrW9bew4e4WDWqSoux/2G-1000x600/v1/c414x250q85.jpg"
"Electric Soul Yoga","$16","img.grouponcdn.com/deal/4ENELptU8TKF8CwWSD2TgwJXgktx/4E-960x576/v1/c414x250q85.jpg"
"Red Diamond Yoga","$27","img.grouponcdn.com/deal/4U5H8Cugg81mC1REJniF/ss-700x420/v1/c414x250q85.jpg"
"Takahashi Chiropractic","$26","img.grouponcdn.com/deal/epx76mo3ksSWkeQMxecMU6/ihs_0-122_0103badged-1500x900/v1/c414x250q85.jpg"
"Dr. Maryam Hadian at Le Chic Dentist","$39","img.grouponcdn.com/deal/nF56z5SBeKXV3JecPdwg/BF-2048x1229/v1/c414x250q85.jpg"
"Weekend Weight Loss Center-Multi-Location","$17","img.grouponcdn.com/deal/7m4X4jggprGm39KX9tU8/rE-440x267/v1/c414x250q85.jpg"
"Westwood Eye Center Optometric Corp.","$48","img.grouponcdn.com/deal/vur6FdWSsK4MaCuFw49T/oa-2048x1229/v1/c414x250q85.jpg"
"The Stronghold Climbing Gym","$15","img.grouponcdn.com/deal/3eijD4A7NfvAoZcHPtv2Zx7QXvRj/3e-948x568/v1/c414x250q85.jpg"
"Romance and Dance Pole Fitness","$39","img.grouponcdn.com/deal/nt1m4WVUQ9UB477w1mLX9o/romance_and_dance_pole_aerobics-700x420/v1/c414x250q85.jpg"
"Bikram Yoga LA","$23","img.grouponcdn.com/iam/5KS1Em2GcewhEpatKokJ/LG-5000x3000/v1/c414x250q85.jpg"
"The Bar Method","$73","img.grouponcdn.com/deal/2mJBBraCJGpaHzuRUr3oHmLPB1Pi/2m-1311x787/v1/c414x250q85.jpg"
"Holistic Healing Co-Op","$87","img.grouponcdn.com/deal/9nCxLexzgNa3gpXNRGY7/kw-2048x1229/v1/c414x250q85.jpg"
"Lawrence Miller, Licensed Acupuncturist","$39","img.grouponcdn.com/iam/hNLPgotnTpAo8CaAYHE1/dy-2048x1242/v1/c414x250q85.jpg"
"Brumfield Sports & Family Wellness","$23","img.grouponcdn.com/deal/728KzQuN9N2pcCaEpfb2/qf-2048x1229/v1/c414x250q85.jpg"
"Medslim Weight Loss","$38","img.grouponcdn.com/deal/3uoe6d2hPSMPYXrRgVM324vqgWDK/3u-3828x2532/v1/c414x250q85.jpg"
"MedSlim Weight Loss","$46","img.grouponcdn.com/iam/2151UPTjreMo8v5beZgmFYePTihw/21-2048x1229/v1/c414x250q85.jpg"
"Tower Foot & Ankle Surgery Inc.","$55","img.grouponcdn.com/deal/tGJgAF113a4m6k8BZJJd/zS-2048x1242/v1/c414x250q85.jpg"
"Sender One Climbing","$20","img.grouponcdn.com/deal/2J24AwoEStGQq7AhGuBZKVQP3yuz/2J-920x551/v1/c414x250q85.jpg"
"Lux Eyewear","$26","img.grouponcdn.com/deal/pC6nJzqvteUGAZVn8kUR/tM-700x420/v1/c414x250q85.jpg"
"Hot 8 Yoga","$27","img.grouponcdn.com/deal/3CsVxah6wJzZuLMZDAyerMoXLK7i/3C-960x576/v1/c414x250q85.jpg"
"Inner Power Yoga","$27","img.grouponcdn.com/iam/kef7ijSUJAjmJ21tVgpV/He-5000x3000/v1/c414x250q85.jpg"
"Rising Lotus Yoga","$34","img.grouponcdn.com/deal/25hGpiH1wZXwVG1Vxk9P/tj-700x420/v1/c414x250q85.jpg"
"Brentwood Dentistry","$23","img.grouponcdn.com/deal/hGsedRMokyMNMoUbvUvg/98-2048x1229/v1/c414x250q85.jpg"
"Ben's Bootcamp Fitness","$24","img.grouponcdn.com/deal/m7o4WbBugyKjRoVSGqy9/DN-2048x1242/v1/c414x250q85.jpg"
"Fusion Of Beauty","$24","img.grouponcdn.com/deal/mvWbuWRVT16hxZ14L6zM/kw-2048x1229/v1/c414x250q85.jpg"
"EXCEPTIONAL WELLNESS CENTER","$50","img.grouponcdn.com/deal/rMZ7JcuQk7bFFfoXpSPw/Uf-2048x1229/v1/c414x250q85.jpg"
"Dream Elite Gymnastics Academy","$55","img.grouponcdn.com/deal/23sR4bQaZqst2TjK3uEEWSMPYRJm/23-4096x2458/v1/c414x250q85.jpg"
"Eyesite, Optometric Group","$26","img.grouponcdn.com/iam/9dnf9FiNfwPyWBWhCDmBmibN6Zb/9d-2048x1229/v1/c414x250q85.jpg"
"Aura Cycle","$36","img.grouponcdn.com/deal/WovoEdz1cFnL89TqUSqwq4cNehR/Wo-1200x720/v1/c414x250q85.jpg"
"The Yogi Tree Center for Growth","$26","img.grouponcdn.com/deal/koRLYdRF8mwfiZniG8uz/HJ-2048x1229/v1/c414x250q85.jpg"
"Dr. K Chiropractic Center","$27","img.grouponcdn.com/iam/43FJgySCyEvaWUYKhXyDZcNyR13q/43-2048x1229/v1/c414x250q85.jpg"
"Atlas Chiropractic Center","$35","img.grouponcdn.com/deal/hys3FRcBs4PhJBnVe9JF/UX-1000x600/v1/c414x250q85.jpg"
"A4 Fitness","$52","img.grouponcdn.com/deal/7HRz2xgcSGLgHejCM3bM/cX-700x420/v1/c414x250q85.jpg"
"Acuhealth","$31","img.grouponcdn.com/iam/pGfF2nDs5TTNvUNJ9xyG/kV-2048x1242/v1/c414x250q85.jpg"
"Dr. Jay Grossman and Associates","$92","img.grouponcdn.com/deal/qd6PJw2bJfc1Kp1orSgV/Mv-2048x1229/v1/c414x250q85.jpg"
"Beverly Hills Tanning","$23","img.grouponcdn.com/deal/uFHsoRXVZGikDWwfZP1v/Vh-2048x1229/v1/c414x250q85.jpg"
"Creative Counseling Solutions with Michael Anthony-Nalepa","$52","img.grouponcdn.com/iam/3rHzNoVQbEZHuK13xv7hHhDuSVWm/3r-2048x1229/v1/c414x250q85.jpg"
"Dr. Dickson Chen, OD, FAAO","$49","img.grouponcdn.com/deal/wMyTrdQDtVSNp9GWUtGE/Mr-2048x1229/v1/c414x250q85.jpg"
"El Cariso Golf Course","$65","img.grouponcdn.com/deal/eYnXcf3QxFcc2t9Wn91t/U6-2048x1229/v1/c414x250q85.jpg"
"Barreworks Studio","$43","img.grouponcdn.com/deal/3xCRmNg68pVvtT934SNjBakgM3Uo/3x-5184x3104/v1/c414x250q85.jpg"
"Gold's Gym","$14","img.grouponcdn.com/deal/asfTaXrdY7nndudb5rRD/A3-5068x3041/v1/c414x250q85.jpg"
"Liberation Yoga","$37","img.grouponcdn.com/deal/iQcnzWWE8w4TiboqNvp3/2d-2048x1229/v1/c414x250q85.jpg"
"Holistic Health Solutions","$34","img.grouponcdn.com/deal/9XJDkfNDwQ2mEhjctncZ9D/holistic_health_solutions-2048x1229/v1/c414x250q85.jpg"
"Yoga Remedys Essential Wellness","$27","img.grouponcdn.com/deal/ZaQVZ8shdrETQf5CkqgA7EkAECp/Za-640x383/v1/c414x250q85.jpg"
"Beverly Hills Prestige Dental Group","$45","img.grouponcdn.com/deal/mhxYVxtjqxXPaXr5HYuy/nd-2048x1242/v1/c414x250q85.jpg"
"L.A. Beauty MediSpa & Float Haven","$47","img.grouponcdn.com/deal/3AmwcS5HbUUVnfD9ozFhTBpgSH3t/3A-2048x1229/v1/c414x250q85.jpg"
"Optical Connection","$27","img.grouponcdn.com/deal/2RrBn7hXbiR8fpuo1mdb8LfQesTX/2R-2048x1229/v1/c414x250q85.jpg"
"Calfam Counseling","$20","img.grouponcdn.com/deal/35iCH3JUopgAQmkrioupFmoAm21D/35-2122x1415/v1/c414x250q85.jpg"
"Tumble Tykes Gymnastics","$41","img.grouponcdn.com/deal/6GhHaVj54ffersDHzSmk/jW-2048x1229/v1/c414x250q85.jpg"
"Daurden Performance Art Collective","$1","img.grouponcdn.com/deal/fDmH15WY3MmnpHZBUMpT/L1-4568x2741/v1/c414x250q85.jpg"
"Leever Wellness","$28","img.grouponcdn.com/deal/AUV7aWtvpbEjpNxTHcVgnSb1pBy/AU-2000x1200/v1/c414x250q85.jpg"
"Set and Flow Yoga","$56","img.grouponcdn.com/deal/2JBnEEgY35jjZp9oRvia/12-700x420/v1/c414x250q85.jpg"
"Dr. Zarmine Manoel DDS","$14","img.grouponcdn.com/iam/3Two1tGZE5i6mLDcZ5JwuuDLL3sy/3T-2048x1229/v1/c414x250q85.jpg"
"Hypnosis For Life Improvement","$31","img.grouponcdn.com/deal/gcg6FgS5Yc6bDwABRFhy/2K-3800x2280/v1/c414x250q85.jpg"
"MedSlim Weight Loss","$34","img.grouponcdn.com/deal/2azziscprnLoYvcKiaHXSCaLKDBA/2a-2048x1229/v1/c414x250q85.jpg"
"The LASIK Vision Institute","$699","img.grouponcdn.com/deal/iFBY4Zb8B7LbqTLKAqkU/PJ-2048x1228/v1/c414x250q85.jpg"
"Kids Love Martial Arts","$20","img.grouponcdn.com/iam/oxdryb3onM6p4UR3NY5n/3S-2048x1229/v1/c414x250q85.jpg"
"Berlin Wellness Group","$61","img.grouponcdn.com/iam/jEwdm6rcw47dBAXtp9nn/EU-2048x1229/v1/c414x250q85.jpg"
"10 body type Acupuncture Clinic","$27","img.grouponcdn.com/deal/vCZGQxm7xhJWYNqrCfuq/dp-2048x1229/v1/c414x250q85.jpg"
"Hollywood Colonic","$40","img.grouponcdn.com/deal/2BEafqmpcKbFYjn3s43vc5C5maW2/2B-2048x1229/v1/c414x250q85.jpg"
"Rejuvenating Chi Reflexology","$62","img.grouponcdn.com/iam/wnZSiJXMFQq4SD5Dyeh1/wy-2048x1242/v1/c414x250q85.jpg"
"Florade Wellness Center","$51","img.grouponcdn.com/deal/4SFqDfNYdpA33hetzecUMH7wHxLm/4S-700x420/v1/c414x250q85.jpg"
"New Century Dental Group","$31","img.grouponcdn.com/iam/d3sz4pCnn8yyHAgrWnYT/PM-2048x1228/v1/c414x250q85.jpg"
"Florade Wellness Center","$17","img.grouponcdn.com/iam/2i7vF1YoARjnXkcjbMT1YRYN3FnT/2i-1000x600/v1/c414x250q85.jpg"
"Skinny Me Med","$20","img.grouponcdn.com/deal/cL1eEwz8Zqej1bXwUtVs/1U-1000x600/v1/c414x250q85.jpg"
"Eyed LA Optometry","$5","img.grouponcdn.com/deal/fepxBi1eM6g4hqHQwTd/wA-2048x1229/v1/c414x250q85.jpg"
"Los Angeles International Fencing Center","$31","img.grouponcdn.com/deal/9G3NPibKaHPKccnAxRLz9m/86518613-2048x1228/v1/c414x250q85.jpg"
"Beverly Hills Integrative Medicine","$61","img.grouponcdn.com/deal/gyxqRVBFAsgj7NfdkWxX/E4-2048x1229/v1/c414x250q85.jpg"
"Claudia Wellness","$27","img.grouponcdn.com/deal/hcW3CiEqXnvhKNxsCTWK/4C-2048x1242/v1/c414x250q85.jpg"
"Lotus Family Dental","$43","img.grouponcdn.com/iam/3Fm63APohcVbLPL7pWAP/oX-4999x3000/v1/c414x250q85.jpg"
"Beverly Drive Dental Care","$110","img.grouponcdn.com/deal/6wE5rB3HKrhMa8K6EfhA/GL-2048x1229/v1/c414x250q85.jpg"
"Cosmetic Dental of Westwood","$52","img.grouponcdn.com/deal/i2tPVBz97JMQznYxB36uk6/464527529-2122x1415/v1/c414x250q85.jpg"
"Flow Acupuncture","$35","img.grouponcdn.com/iam/2vzFZuSB1swaDpStHfDDd7Jfnk6p/2v-2048x1229/v1/c414x250q85.jpg"
"Dovid Meshchaninov","$47","img.grouponcdn.com/deal/2Fc3R7qwbvoWE8tTRCEp69ehAiZ9/2F-2048x1229/v1/c414x250q85.jpg"
"MD Aesthetics","$52","img.grouponcdn.com/deal/QZ5dyBRx6Tvi7iyQNhazgxP4KZJ/QZ-2048x1229/v1/c414x250q85.jpg"
"Hikely","$31","img.grouponcdn.com/deal/WX9TVcMpz6ihqeAGNuyg96PLyiY/WX-960x576/v1/c414x250q85.jpg"
"Discount Optical","$31","img.grouponcdn.com/deal/g49EapqEHoACgh4MjZgM/Px-2048x1229/v1/c414x250q85.jpg"
"Styled by Dessilina","$23","img.grouponcdn.com/deal/vwkzJyYNgN7zyftwSjFV/hi-2048x1229/v1/c414x250q85.jpg"
"Privileged of Beverly Hills","$49","img.grouponcdn.com/deal/3G3SNaa223cLK1n7iUro7jVViNjX/3G-1500x900/v1/c414x250q85.jpg"
"The Pointe","$38","img.grouponcdn.com/iam/ggWMMevgZxCAJktFTUH7/2F-2048x1229/v1/c414x250q85.jpg"
"SoCal Adventure Company","$87","img.grouponcdn.com/deal/29rh2K7Z6R4T6hKrgMCJWC6CF77R/29-2048x1229/v1/c414x250q85.jpg"
"Los Angeles Laser Aesthetics & Skin Care","$43","img.grouponcdn.com/iam/caDLFegCTeNky4UzFNfg/Bx-2048x1229/v1/c414x250q85.jpg"
"Downtown Colonic","$38","img.grouponcdn.com/iam/dQSHYTM5bWafN5eCY51w/6b-4315x2589/v1/c414x250q85.jpg"
"BOL Meditation","$25","img.grouponcdn.com/deal/zXD5jA541Nz1DmebHFgPGWC78JA/zX-803x535/v1/c414x250q85.jpg"
"Laser Eye Center - OC, LA, IE","$1,799","img.grouponcdn.com/deal/bSsAzGVcGT6b4z8ib7jiFzk1m69/bS-1240x827/v1/c414x250q85.jpg"
"Prestige Chiropractic","$52","img.grouponcdn.com/deal/hys3FRcBs4PhJBnVe9JF/UX-1000x600/v1/c414x250q85.jpg"
"Dr. Frank Garofalo","$46","img.grouponcdn.com/deal/mX9DvgK6HZykdXn2CTZW/1C-2048x1229/v1/c414x250q85.jpg"
"Westside Acupuncture and Herbal Medicine","$41","img.grouponcdn.com/deal/5DYpRssw5pkVtTJ99Df/p7-2048x1242/v1/c414x250q85.jpg"
"Renew Juicery","$40","img.grouponcdn.com/deal/45uhsLAAw8aQkLNCNViuVbWW9FVS/45-2048x1229/v1/c414x250q85.jpg"
"Hollywood Walk-in Clinic","$35","img.grouponcdn.com/deal/v15WVvJTG3pHTeMhV8wd/fJ-1648x989/v1/c414x250q85.jpg"
"Oriental Health & Pain Management Center","$23","img.grouponcdn.com/iam/3oabSm3cFmPYV2fWK7QC1tbNBQa2/3o-2048x1229/v1/c414x250q85.jpg"
"MDS Medical Spa","$27","img.grouponcdn.com/deal/4Wx2rWMXFaQ597S2kCJHiUQp95bt/4W-2048x1229/v1/c414x250q85.jpg"
"Colon Rollin'Â®","$141","img.grouponcdn.com/deal/fq4m1Ck47sCeRdbfbXRu/sN-2048x1229/v1/c414x250q85.jpg"
"Mind Flow Hypnosis","$29","img.grouponcdn.com/deal/jkpdD5ETMYqjWMYsPoBH/hn-1000x600/v1/c414x250q85.jpg"
"SkyTechSport Ski & Fit","$31","img.grouponcdn.com/deal/3ADfm7pgzLzenuCy19TJ/Mu-700x420/v1/c414x250q85.jpg"
"Omid Farahmand, D.M.D. Dental care-W. Hollywood location","$38","img.grouponcdn.com/deal/jy5LsbmAzbs85rRTckgD/MS-2048x1229/v1/c414x250q85.jpg"
"Zakhor Dental Group","$43","img.grouponcdn.com/deal/cLHXdDHqjWMceEu7GrTA/GG-2048x1229/v1/c414x250q85.jpg"
"MyBeautySecretsUSA","$16","img.grouponcdn.com/deal/jiNbDtwZYGjdor7nw8vq/pc-900x580/v1/c414x250q85.jpg"
"A Good Cause: Child Development","$43","img.grouponcdn.com/deal/98syi88xdCWsU1vy8GAP/wF-2048x1242/v1/c414x250q85.jpg"
"Children's Dental FunZone","$34","img.grouponcdn.com/deal/2cdXkv7ZwJYUwTWig3mgyy/83663439-2048x1229/v1/c414x250q85.jpg"
"Comfort Dental Center","$31","img.grouponcdn.com/deal/eNeZnLpPybeJUfgNaAkq9k/shutterstock_144244075-1500x900/v1/c414x250q85.jpg"
"DC Complex","$51","img.grouponcdn.com/deal/3oDeA952TvGWagmHQMue1qMmExcW/3o-960x576/v1/c414x250q85.jpg"
"DanceGardenLA","$23","img.grouponcdn.com/deal/tE6gti2DEm1L4qRJ1XuQR7/dancegardenla-2048x1242/v1/c414x250q85.jpg"
"Julia Rose Polk Therapy","$125","img.grouponcdn.com/deal/K8NhZUoJmTSTzeTvYMLu1ipwXRt/K8-2048x1229/v1/c414x250q85.jpg"
"Laser Professionals","$51","img.grouponcdn.com/deal/iGM1FcY4L3Xx7fZ6vGx9/ds-440x267/v1/c414x250q85.jpg"
"Restoring Health Medical Institute","$79","img.grouponcdn.com/deal/2JCr2nxXQuzCFEsE53tvgRzhYZsb/2J-2048x1229/v1/c414x250q85.jpg"
"Royal Basketball School","$61","img.grouponcdn.com/deal/g5qksLJ2vRpRPoyJNAuY/DJ-700x420/v1/c414x250q85.jpg"
"Breakthrough Anger Management","$27","img.grouponcdn.com/deal/i8VqePgXmvWgDWeeF5jk/EW-3645x2187/v1/c414x250q85.jpg"
"Dr. Java Foot and Ankle Clinic","$44","img.grouponcdn.com/deal/erfdTrPLGy6cH2iub1Hr/3E-2048x1229/v1/c414x250q85.jpg"
"Love at First Sight","$34","img.grouponcdn.com/iam/4UCb63CZypYS2AfHQNtk3gctoP2z/4U-2048x1229/v1/c414x250q85.jpg"
"Raw Cane Superjuice","$60","img.grouponcdn.com/deal/2oqGuesAHPQjwp6HvNgg/Z8-700x420/v1/c414x250q85.jpg"
"Go To Heaven Dance Company","$23","img.grouponcdn.com/iam/xczZmxt9beDJrVjPzzZ1/jt-4682x2809/v1/c414x250q85.jpg"
"Soft Touch Chiropractic","$35","img.grouponcdn.com/deal/aNGbqV1psrarLQHz2W9T/6i-2048x1229/v1/c414x250q85.jpg"
"SCB Consulting","$61","img.grouponcdn.com/iam/cSdacL41SUEpmjABLFWA/DZ-2048x1242/v1/c414x250q85.jpg"
"Lipo Light LAX","$34","img.grouponcdn.com/deal/6jXCYC86PgsdwN4Bccd6/hE-3000x1800/v1/c414x250q85.jpg"
"Samra Acupuncture Clinic","$22","img.grouponcdn.com/deal/oMtBWkZWD7dKNyPjrB1E/aE-2048x1229/v1/c414x250q85.jpg"
"Inspire Wellness","$16","img.grouponcdn.com/iam/3md5m4nYhrNgs1Ugby9K5sGj1GhZ/3m-2048x1229/v1/c414x250q85.jpg"
"Woo S Kim Chiropractic","$22","img.grouponcdn.com/deal/wskR54v9DWNE9beTcNGr5C/460501685-3000x1800/v1/c414x250q85.jpg"
"iDanceAcademy DTLA Dance Studio","$35","img.grouponcdn.com/iam/ZgVMw1VsAkqz2eeXx1z/nq-2048x1229/v1/c414x250q85.jpg"
"Primary Health Clinic","$31","img.grouponcdn.com/deal/2U2YKxUnrzfvFyETnTWfUg1pGkdD/2U-2048x1229/v1/c414x250q85.jpg"
"Evergreen Acupuncture and Wellness Center, INC","$38","img.grouponcdn.com/deal/deJs54CwgyBd7qZF3JXJ/Ui-2048x1229/v1/c414x250q85.jpg"
"Kwang Wellness Center","$27","img.grouponcdn.com/deal/Eif5iywKLYMwwiW4uadKy9aq38Z/Ei-2048x1229/v1/c414x250q85.jpg"
"Courtney Shelburne","$69","img.grouponcdn.com/iam/3cXRfXgCvrjAcXYSJvrv3jUpAJRR/3c-2048x1229/v1/c414x250q85.jpg"
"Anna Maria Academy Of Dance","$28","img.grouponcdn.com/deal/oFvm3K7WdqvtkWdikosg/zq-2048x1229/v1/c414x250q85.jpg"
"Krav Maga L.A. | REKM","$17","img.grouponcdn.com/deal/t45Aa7DKxnJo17QFE4CF/V2-700x420/v1/c414x250q85.jpg"
"Zakhor Dental Group","$92","img.grouponcdn.com/iam/2fiqsw9JdgFLWbyx34oj4WmDXAqa/2f-2048x1229/v1/c414x250q85.jpg"
"South Bay Boot Camp","$43","img.grouponcdn.com/deal/tRj4P8NhLsU6VewmuZph/Rp-2048x1229/v1/c414x250q85.jpg"
"LuPilates Studio","$59","img.grouponcdn.com/deal/8aSpgLP4wSnd223hM7pX/zE-700x420/v1/c414x250q85.jpg"
"Yoga Daya","$55","img.grouponcdn.com/deal/6KDGgvPWAy7uEUzpKsri/C5-700x420/v1/c414x250q85.jpg"
"Show Me the Fitness","$15","img.grouponcdn.com/iam/cUnL5Wb9DcpEvSA5S5DfoZnRvyi/cU-2048x1229/v1/c414x250q85.jpg"
"Chrome Cycle Studio","$46","img.grouponcdn.com/deal/499GamSt3ZAgrRSA45FxRy7sP1vt/49-2048x1229/v1/c414x250q85.jpg"
"Sparta Academy","$52","img.grouponcdn.com/deal/2ZaWfp3kd4onmWMjqef2PiswxHCv/2Z-2048x1229/v1/c414x250q85.jpg"
"Sunset Bike House","$35","img.grouponcdn.com/deal/3b4wMxE6cqEdawpy2xMsdoaNcVNP/3b-2048x1229/v1/c414x250q85.jpg"
"Surfcore Fitness","$20","img.grouponcdn.com/deal/BxR9CB7Akn1Nwt4hW4mbB3WeJsU/Bx-1201x720/v1/c414x250q85.jpg"
"395 Implants","$8","img.grouponcdn.com/deal/6Wvn5gx3QoEdhSyfKhmJ/Xk-3098x1859/v1/c414x250q85.jpg"
"Alan S. Joseph, DDS","$34","img.grouponcdn.com/deal/31hCQPnppDWam54UQM4YfXuRnoVi/31-2000x1200/v1/c414x250q85.jpg"
"Radha Yoga","$34","img.grouponcdn.com/deal/iPdrBCcMdvniWJrEpdCL/Qo-2048x1229/v1/c414x250q85.jpg"
"CrossFit Aviator","$61","img.grouponcdn.com/deal/btB4mQFU7gDWpZ9SNacRjcMWYFn/bt-700x420/v1/c414x250q85.jpg"
"Leever Wellness","$27","img.grouponcdn.com/deal/24H1PXTmyh3gsFPNeG3461jd61Ua/24-700x420/v1/c414x250q85.jpg"
"Warrior & Co. A Yoga Studio","$23","img.grouponcdn.com/deal/2Fq8bPkjDSu17DuRBQhJcz9jNzgc/2F-1500x900/v1/c414x250q85.jpg"
"Get Beyond Fit","$1","img.grouponcdn.com/deal/6VdaonCpK9rhm6ptgwUV/Z3-2048x1242/v1/c414x250q85.jpg"
"Boot Camp ""Morning Crunch!""","$26","img.grouponcdn.com/deal/o2vDLee7EBbhHHFTED25/ck-2048x1242/v1/c414x250q85.jpg"
"AAY! Fitness","$31","img.grouponcdn.com/deal/4D8CejoYhnMt6umqmKdDZMn8rTpJ/4D-960x576/v1/c414x250q85.jpg"
"FullOut CrossFit","$15","img.grouponcdn.com/deal/exZHyd2yAj2cFfdrJmc3/ZU-960x582/v1/c414x250q85.jpg"
"The Pain Solution","$17","img.grouponcdn.com/iam/2a5H9jKecwQdw94aiaVw/VV-2048x1229/v1/c414x250q85.jpg"
"Sumbody Studio - Studio City","$46","img.grouponcdn.com/deal/bNXK7dktvZvecwrLT7oq/rB-700x420/v1/c414x250q85.jpg"
"Alan S. Joseph, DDS","$34","img.grouponcdn.com/deal/31hCQPnppDWam54UQM4YfXuRnoVi/31-2000x1200/v1/c414x250q85.jpg"
"USA Vein Clinics","$87","img.grouponcdn.com/iam/dDdNdC8wrWA5LwQPaPEXimWiUm5/dD-2048x1229/v1/c414x250q85.jpg"
"Cirque School","$44","img.grouponcdn.com/deal/ZvSFUhJSmJyREd6pRAubgYDX3pP/Zv-1200x720/v1/c414x250q85.jpg"
"AZIAM Yoga","$82","img.grouponcdn.com/deal/3qN2PW1fP7VvwaDZXg1Yb7wGLqWC/3q-1023x614/v1/c414x250q85.jpg"
"Natural Pilates Silver Lake","$52","img.grouponcdn.com/deal/crHGpUzjn7Uip9e3gVHM/zQ-2048x1229/v1/c414x250q85.jpg"
"Smile :Dzine","$35","img.grouponcdn.com/deal/tBVU96B3HiTPsp6a5AwX/zi-2048x1229/v1/c414x250q85.jpg"
"Fit Body Boot Camp","$49","img.grouponcdn.com/deal/QGQ13tK1rJht8Dw9yrZ/ds-1000x600/v1/c414x250q85.jpg"
"A4 Fitness","$46","img.grouponcdn.com/deal/pN6Qxw11GgzUAbni34Yc/yW-2048x1242/v1/c414x250q85.jpg"
"Natural Pilates Brentwood","$35","img.grouponcdn.com/deal/A4pswAkmk9ZDGRkt3Yq3jBTEJpd/A4-5470x3275/v1/c414x250q85.jpg"
"The Beat Fitness Inc","$43","img.grouponcdn.com/deal/uZEXEFWpZyHKHYFuyzpP/9X-2048x1229/v1/c414x250q85.jpg"
"Advanced Teeth Whitening USA","$15","img.grouponcdn.com/deal/gvb5qruDM55gBkotLKTvZD/new-700x420/v1/c414x250q85.jpg"
"Body & Brain Yoga","$31","img.grouponcdn.com/iam/2wSQNfgBf12d6r5f32d1NyCpUjvG/2w-2048x1229/v1/c414x250q85.jpg"
"Tore Up","$22","img.grouponcdn.com/iam/47pYgkmRbCkepm1s6vFA/YF-2048x1229/v1/c414x250q85.jpg"
"Archer Pilates & Wellness","$64","img.grouponcdn.com/deal/h1FYbyZgw4aGG1QmQBtGCrbZe91/h1-1004x649/v1/c414x250q85.jpg"
"Brighter Dental","$41","img.grouponcdn.com/deal/fAzyhhUvgFWNVrLzmM4p/Cp-2048x1242/v1/c414x250q85.jpg"
"The Training Loft","$38","img.grouponcdn.com/deal/haEcVbap3SpB3cb8JYzo/58-2048x1242/v1/c414x250q85.jpg"
"Still Yoga","$31","img.grouponcdn.com/deal/proPkM3wtLLPGHvosuyN/vg-2048x1229/v1/c414x250q85.jpg"
"Storey Fitness","$33","img.grouponcdn.com/deal/7n8rTR68L76jADQDEZ7p/EX-700x420/v1/c414x250q85.jpg"
"Ganbatte Bootcamp","$27","img.grouponcdn.com/deal/3iWPfxdipWvwAT7n5XeNw178ertb/3i-622x372/v1/c414x250q85.jpg"
"Weekend Weight Loss Center","$38","img.grouponcdn.com/deal/n3rYfDy53Vfc1SJQtHog/K6-2048x1229/v1/c414x250q85.jpg"
"A Conscious Life Quantum Hypnotherapy","$46","img.grouponcdn.com/deal/nnaoHUeknw3iaTkrWNuE/V5-960x576/v1/c414x250q85.jpg"
"YogaWorks","$30","img.grouponcdn.com/deal/4RnxYehFSqHjueeuyKdy/TJ-700x420.jpg/v1/c414x250q85.jpg"
"One Down Dog","$69","img.grouponcdn.com/deal/6SKxXKQZgyzRXWpAkwa1sn/IMAGE_One-Down-Dog2-700x420/v1/c414x250q85.jpg"
"Hypnosis Beverly Hills","$61","img.grouponcdn.com/deal/sBNQefcgeNMwWswQQL2v/SC-960x582/v1/c414x250q85.jpg"
"Xcombat Fitness","$18","img.grouponcdn.com/deal/aM6qxwdBVdyeTWoa5xnt/yN-2048x1229/v1/c414x250q85.jpg"
"Peak Performance And Recovery","$35","img.grouponcdn.com/iam/wLTKRQop7jqfrJZpTCHE/MD-4500x2700/v1/c414x250q85.jpg"
"Free Spirit Boxing & Fitness","$64","img.grouponcdn.com/deal/2xgjfNT4b1x4b23PeFDaFVPfBJBT/2x-700x420/v1/c414x250q85.jpg"
"Sports LTD","$17","img.grouponcdn.com/deal/fEC3GixhwzLmXX91Sp3i/6p-2048x1229/v1/c414x250q85.jpg"
"Unity E Medical Clinic","$28","img.grouponcdn.com/deal/ptQMsJCxm9VhbMdR11xcFN/117953492-960x576/v1/c414x250q85.jpg"
"Earth's Power Yoga","$19","img.grouponcdn.com/deal/DcUJBDepDkMY4N1QWjB8LA3TCSQ/Dc-704x422/v1/c414x250q85.jpg"
"Brentwood Dentistry","$43","img.grouponcdn.com/deal/eNeZnLpPybeJUfgNaAkq9k/shutterstock_144244075-1500x900/v1/c414x250q85.jpg"
"Yogarami","$23","img.grouponcdn.com/deal/ay3EY78vPCzkFubjQMzc/aY-700x420/v1/c414x250q85.jpg"
"Unity E Medical Clinic","$28","img.grouponcdn.com/deal/ptQMsJCxm9VhbMdR11xcFN/117953492-960x576/v1/c414x250q85.jpg"
"Dr. Java Foot and Ankle Clinic","$66","img.grouponcdn.com/deal/5ULgyfFvCMofkpCR1qky/xF-960x576/v1/c414x250q85.jpg"
"Encino Smile Care","$34","img.grouponcdn.com/deal/6vEhwXeeWMgURLojpBU8/S3-2048x1229/v1/c414x250q85.jpg"
"Florade Wellness Center","$39","img.grouponcdn.com/deal/2mBYMQSAasYq1sn3HWAF21ATbyKi/2m-700x420/v1/c414x250q85.jpg"
"Sweatheory","$78","img.grouponcdn.com/deal/hxHajV3nqpjcqR3Xjfjw/2P-2048x1229/v1/c414x250q85.jpg"
"A Conscious Life Quantum Hypnotherapy","$46","img.grouponcdn.com/deal/nnaoHUeknw3iaTkrWNuE/V5-960x576/v1/c414x250q85.jpg"
"Allure Cosmetic of Beverly Hills","$174","img.grouponcdn.com/deal/oBxKvRFfWFhb8yHAvT6do3/146908992-2048x1229/v1/c414x250q85.jpg"
"Signature Smiles of LA","$34","img.grouponcdn.com/iam/cdcqg93XskHwfZSL71iJ/7j-2048x1242/v1/c414x250q85.jpg"
"Hypnosis Beverly Hills","$61","img.grouponcdn.com/deal/sBNQefcgeNMwWswQQL2v/SC-960x582/v1/c414x250q85.jpg"
"Beatbike","$92","img.grouponcdn.com/deal/gBmt5f77FEjNBqqdpNV/fH-2048x1242/v1/c414x250q85.jpg"
"Marvin C. Lee Chiropractic Center","$79","img.grouponcdn.com/deal/4V7RqDV511VMfGRG19wBCQS27sTk/4V-2048x1229/v1/c414x250q85.jpg"
"Soft Touch Acupuncture","$34","img.grouponcdn.com/deal/gNjsTE73NZosQY4a6MXE/Nm-2048x1229/v1/c414x250q85.jpg"
"Reiki Massage Center","$40","img.grouponcdn.com/deal/43JsCnS6dEGjXDCt7cdTkuV3vYh2/43-2048x1229/v1/c414x250q85.jpg"
"Drip IV Therapy","$54","img.grouponcdn.com/deal/2AcwwMaRDjLr5KGFatfB/FQ-2048x1229/v1/c414x250q85.jpg"
"Florade Wellness Center","$22","img.grouponcdn.com/deal/6eZVvFTQt3f82cFo8pQJ/Ws-960x576/v1/c414x250q85.jpg"
"Sean Lifestyle In-Home Personal Training","$15","img.grouponcdn.com/iam/2oPt3tXubwShmLxgvW7Zj43UrhQ8/2o-2048x1229/v1/c414x250q85.jpg"
"Craig Swogger, Acupuncturist","$50","img.grouponcdn.com/deal/6sxhB4MShtmmjuqjnn58/xQ-1000x600/v1/c414x250q85.jpg"
"Happy Smiles Dental","$60","img.grouponcdn.com/deal/jSNWgW7Bp4vb8fFbN67Q/Ca-2048x1242/v1/c414x250q85.jpg"
"MetaBody Yoga & Fitness Pass","$16","img.grouponcdn.com/deal/rgS9peX45PXqwtHC4ywi9L/ihs_0-118_0382-2048x1229/v1/c414x250q85.jpg"
"Pop Physique","$39","img.grouponcdn.com/deal/adpAaKkvMYyYtfdJyFyC/z7-700x420/v1/c414x250q85.jpg"
"A2Z Dental Group","$23","img.grouponcdn.com/deal/6t1irfU6FiSK3fuCLqLuYH/139488652-2048x1229/v1/c414x250q85.jpg"
"Sanaz Parsi, DDS /Angeleno Smile","$57","img.grouponcdn.com/iam/35X1RzB1BKCQVC1x9GRWS2EoMYek/35-2048x1229/v1/c414x250q85.jpg"
"Elite Inc","$84","img.grouponcdn.com/deal/mXZMWaoqHwceJKupmzWL/n5-2392x1435/v1/c414x250q85.jpg"
"Crunch","$28","img.grouponcdn.com/deal/R98yupaUUPPyJQMEm4CHEWsF1iX/R9-1000x600/v1/c414x250q85.jpg"
"Beverly Hills Prestige Dental Group","$103","img.grouponcdn.com/deal/hwGZjJ7htevFFonXuJqM/cc-960x582/v1/c414x250q85.jpg"
"Made in LA","$31","img.grouponcdn.com/deal/fyVZJLnK7G26DN6qkbVb/QR-2048x1229/v1/c414x250q85.jpg"
"FitFEAN","$38","img.grouponcdn.com/deal/rUiP4MFHxkpKXRnvob6w/Ww-5386x3232/v1/c414x250q85.jpg"
"Danny Shiri, DDS","$119","img.grouponcdn.com/deal/vuJR3YmZ61CPECuBfgVe/u2-2048x1229/v1/c414x250q85.jpg"
"Corbinha Brazilian Jiu-Jitsu and Fitness","$46","img.grouponcdn.com/deal/roi1yq39iuUAKA47pRM3/as-700x420/v1/c414x250q85.jpg"
"Sandbox Fitness","$52","img.grouponcdn.com/deal/ejWRn97HY3Bd8q1ta7Z1/wd-960x720/v1/c414x250q85.jpg"
"Crossfit Grin and Grind","$61","img.grouponcdn.com/iam/8vCK48mRsBxeKif1zbWN/Fe-2048x1229/v1/c414x250q85.jpg"
"Art of Living Studio","$20","img.grouponcdn.com/deal/4YGqEb2p24NVc8pomuSPVJEje9wF/4Y-2048x1229/v1/c414x250q85.jpg"
"Kims Acupuncture","$43","img.grouponcdn.com/deal/392CvdWzgAfaWNHmfGf5yJyzEJPV/39-5616x3744/v1/c414x250q85.jpg"
"Signature Smiles of LA","$92","img.grouponcdn.com/deal/bXErvsMPgLKimiSDCSNz/E6-2048x1229/v1/c414x250q85.jpg"
"Forreal Fitness","$66","img.grouponcdn.com/deal/bQVRMEV2BmaygKnLTUe5/cF-2048x1242/v1/c414x250q85.jpg"
"Donna @ Blue Sky Pilates","$33","img.grouponcdn.com/deal/vbcS9Jvnnw6WkJsP3MHp4F/486973251-2048x1229/v1/c414x250q85.jpg"
"Show Me the Fitness Boot Camp","$26","img.grouponcdn.com/deal/dmJbRQphh5AWrXqbN5Ro/L2-2048x1229/v1/c414x250q85.jpg"
"MKD Dentistry","$40","img.grouponcdn.com/deal/d2DzfMrfEVFgE4AwZHKk/uW-2048x1229/v1/c414x250q85.jpg"
"Titus Motion Therapy","$38","img.grouponcdn.com/deal/7aXnPHxaJY1hvGx4qcrk/MX-2048x1229/v1/c414x250q85.jpg"
"Re:Form, a Pilates Studio","$1","img.grouponcdn.com/deal/a4gXxJb26TUkMSWJy95E/Ct-3872x2592/v1/c414x250q85.jpg"
"The Tan Spa","$22","img.grouponcdn.com/iam/7DEwtSQ3TnJco872fwpD/wM-2048x1229/v1/c414x250q85.jpg"
"Get Sexi Nutrition","$17","img.grouponcdn.com/iam/27zKPiXt2NnRjL9wDfJ8xWUtmTt7/27-2048x1229/v1/c414x250q85.jpg"
"Affinity Therapy Services","$69","img.grouponcdn.com/deal/f6AnNFBWva3Cq6Yq3niRL/178447898-700x420/v1/c414x250q85.jpg"
"StrengthRx CrossFit","$52","img.grouponcdn.com/deal/6CpcAzPvPZbegstyfQw1/PF-2048x1229/v1/c414x250q85.jpg"
"Mbx Athletics","$18","img.grouponcdn.com/iam/dsWfQ9qJh3RmiZPyxK9r/pw-2048x1229/v1/c414x250q85.jpg"
"Daurden Performance Art Collective","$2","img.grouponcdn.com/deal/ncvE2T2JjgJbZwPrpazC/yE-5616x3370/v1/c414x250q85.jpg"
"JRS Bootcamp","$23","img.grouponcdn.com/deal/tqQvVbffmpBjQbfVkCruKW/462030223-960x576/v1/c414x250q85.jpg"
"Alliance Health Choice","$46","img.grouponcdn.com/deal/vfRTHicGyGCEYLetfY3sGT/istock_000005171088-2048x1229/v1/c414x250q85.jpg"
"Team Watson Boxing Club","$54","img.grouponcdn.com/deal/816tAGESxYGhNWqkbLJb/9L-1500x900/v1/c414x250q85.jpg"
"FullOut CrossFit","$46","img.grouponcdn.com/iam/2tZv9A1BbEzmUATjQRCi/8J-2048x1229/v1/c414x250q85.jpg"
"LaserAway","$106","img.grouponcdn.com/deal/3QuiBSjS4VFEAeJnRaeNCN7bDC1Y/3Q-700x420/v1/c414x250q85.jpg"
"Le Jolie Medi Spa","$130","img.grouponcdn.com/deal/9M6jJsJy9aisq9cDVBZT/1R-2048x1229/v1/c414x250q85.jpg"
"SCTC Taekwondo & Kickboxing","$17","img.grouponcdn.com/deal/pvPwm69hfoaPfxhUbqi2/dy-2048x1229/v1/c414x250q85.jpg"
"Omega Shakes","$15","img.grouponcdn.com/deal/9vNAuaUg7tyeCLS5Gt73/5z-2048x1229/v1/c414x250q85.jpg"
"Pure Barre Hollywood","$73","img.grouponcdn.com/deal/zQ4yQZWu3wW7kSqAdLniAa3DuSx/zQ-720x432/v1/c414x250q85.jpg"
"Biologix","$43","img.grouponcdn.com/deal/a2Rah3e6Z796eYM8JgCi/7K-2048x1229/v1/c414x250q85.jpg"
"Holistic Nutrition","$61","img.grouponcdn.com/deal/3X8qnLgi8yo7htj5TZqF/DS-2048x1242/v1/c414x250q85.jpg"
"FitFEAN","$39","img.grouponcdn.com/deal/f1oZbo6L2asd4ZmkLsXX/5z-5437x3634/v1/c414x250q85.jpg"
"Silver Lake Yoga","$32","img.grouponcdn.com/deal/4z7GxrKavoZmZxBmoNkB/72-2048x1229/v1/c414x250q85.jpg"
"Medslim Weight Loss","$29","img.grouponcdn.com/deal/7zWzAV6QMq3mGWttFH2x/iU-2048x1229/v1/c414x250q85.jpg"
"Glamlarule Beauty Bar","$56","img.grouponcdn.com/deal/g6SogSFz7ehhLPBvmGZm/7J-4400x2640/v1/c414x250q85.jpg"
"Commerce Dental","$23","img.grouponcdn.com/deal/4zRrVu66cQhhnEQaf8i1/Hw-2048x1229/v1/c414x250q85.jpg"
"Yogis of Hollywood","$31","img.grouponcdn.com/deal/26YLYgJt2n1gcfTYw9Tts6WzUfvn/26-2048x1229/v1/c414x250q85.jpg"
"Alliance Health Choice","$87","img.grouponcdn.com/deal/29HR7b9Xxh8LNzGNgbK5pRabkivb/29-960x576/v1/c414x250q85.jpg"
"TAP-a-holic","$27","img.grouponcdn.com/iam/4DBgydmSxabtiKhXxF4M2qS6AyZu/4D-2048x1229/v1/c414x250q85.jpg"
"Tenacity Fitness","$31","img.grouponcdn.com/deal/4MxB4xJpa4Um2ZtLgutFDPisPR6H/4M-1500x900/v1/c414x250q85.jpg"
"Alliance Health Choice","$43","img.grouponcdn.com/iam/3VrH1D9TtRrJ2rRweuiGtNmRRd3B/3V-2048x1229/v1/c414x250q85.jpg"
"Granada Hills Family Dental","$34","img.grouponcdn.com/iam/2aNpmdZutEZCDGKX9SD1n6b8E2UV/2a-2048x1229/v1/c414x250q85.jpg"
"Stop Allergy Now","$87","img.grouponcdn.com/deal/8QxgxCcedRP6J11GE8zbsC/orpelli_wellness_center-2048x1229/v1/c414x250q85.jpg"
"WorkoutLA","$31","img.grouponcdn.com/deal/9WW9U4eaX7ko9ZFFQnQr/GC-2048x1229/v1/c414x250q85.jpg"
"Mockingbird Yoga","$36","img.grouponcdn.com/deal/ezaesPJ2qNWj7XFbeCda/WW-700x420/v1/c414x250q85.jpg"
"Elite Inc","$81","img.grouponcdn.com/deal/4Ry2kEBky499WxdEVkP8Z38zerdj/4R-1088x653/v1/c414x250q85.jpg"
"ReformFit Pilates","$46","img.grouponcdn.com/deal/4YHi7BVAt7ufx6jDn6UBwT743cGD/4Y-4767x2854/v1/c414x250q85.jpg"
"Breakthrough Anger Management","$87","img.grouponcdn.com/deal/bb7Z29wjU98i9BXGij99/E4-1500x900/v1/c414x250q85.jpg"
"Mind Flow Hypnosis","$29","img.grouponcdn.com/iam/n1ums1KcoSbtCdjqF7Zu/kK-5000x3000/v1/c414x250q85.jpg"
"Beverly Hills Prestige Dental Group","$230","img.grouponcdn.com/deal/21XTL65BeAswuJQiNMVfk4VPD829/21-2048x1229/v1/c414x250q85.jpg"
"Advance Dental Studio","$113","img.grouponcdn.com/deal/vQELuKjQCt7akmpw8mtv/jV-2048x1229/v1/c414x250q85.jpg"
"Pilates Studio West","$87","img.grouponcdn.com/iam/4mmfFF5mGLDmjRDcpSBC/d1-700x420/v1/c414x250q85.jpg"
"Kaliko Chiropractic","$40","img.grouponcdn.com/iam/3xHnFbJs9J1dEXTLXr3kBV9aPg4d/3x-2048x1229/v1/c414x250q85.jpg"
"Mac Dental Group","$35","img.grouponcdn.com/deal/cb7KGuATPffmoPYzeK2e/yP-2048x1229/v1/c414x250q85.jpg"
"ZerOne Acupuncture Clinic, Inc.","$48","img.grouponcdn.com/deal/3q13Jte5WnJRdztnpuXLMJ8sVLeH/3q-450x300/v1/c414x250q85.jpg"
"The Pilates Bodyshop","$25","img.grouponcdn.com/deal/24oaqPHpKeex9dm4Nndt/bs-2048x1242/v1/c414x250q85.jpg"
"Signature Smiles of LA","$64","img.grouponcdn.com/iam/7aj2XHxBiQSqbGuWUcZZ/hm-2048x1229/v1/c414x250q85.jpg"
"Kor Health and Fitness","$66","img.grouponcdn.com/deal/6nFfLVurVSUZtkovSGtq/mg-2048x1229/v1/c414x250q85.jpg"
"Reiki Hope","$50","img.grouponcdn.com/deal/sgpfryASZDixyJ62EN1W/mD-2048x1242/v1/c414x250q85.jpg"
"Partyfit Club","$3","img.grouponcdn.com/deal/4LKhmbXMYzjU3BzuprCddehvN1rg/4L-5000x3000/v1/c414x250q85.jpg"
"Lotus Family Dental","$87","img.grouponcdn.com/deal/fUk6SeUCeQTeREFyAzTQ/bJ-2048x1229/v1/c414x250q85.jpg"
"Paulseth and Associates Physical Therapy, Inc.","$66","img.grouponcdn.com/deal/be1dtpoh9jEK38nELXpU/Su-5616x3370/v1/c414x250q85.jpg"
"Weekend Weight Loss Center-Multi-Location","$77","img.grouponcdn.com/iam/AC6wELGogvvbeYkYjMK8nNyf166/AC-2048x1229/v1/c414x250q85.jpg"
"Woodland Hills Family Dentistry, Dr. Yousefi","$35","img.grouponcdn.com/deal/t4cxBSidy2Dyh8r8MGwZ/8w-2048x1229/v1/c414x250q85.jpg"
"Beverly Hills Institute of Plastic Surgery","$146","img.grouponcdn.com/iam/H8WcXkhBXZzAXJrX7v5QzTu5Bi3/H8-2048x1229/v1/c414x250q85.jpg"
"Laser Professionals","$92","img.grouponcdn.com/deal/cncQtakzAGLengUXKmEA/BD-2048x1229/v1/c414x250q85.jpg"
"AbsClubLA","$52","img.grouponcdn.com/deal/ncAtsHTN76udnTQkyfX1/9u-1000x600/v1/c414x250q85.jpg"
"Harakati Studios","$17","img.grouponcdn.com/iam/3PGNmbUTP6GPdKREaiMHQTd1HT7E/3P-2048x1229/v1/c414x250q85.jpg"
"The Peoples Fitness","$10","img.grouponcdn.com/iam/4CdUknTK258ND3Jh5fi5eSbadi6r/4C-2048x1229/v1/c414x250q85.jpg"
"Los Angeles Laser Aesthetics & Skin Care","$12","img.grouponcdn.com/deal/2BzTaQtN2etNgRjwn48NJSrAzmgF/2B-2048x1229/v1/c414x250q85.jpg"
"Harvest Fitness","$25","img.grouponcdn.com/deal/6mWq2HcEmSp9DGmEkait/PE-2048x1242/v1/c414x250q85.jpg"
"Undivided Bootcamp","$21","img.grouponcdn.com/deal/m9DD4fNgMp6DSZrBbhic/CG-1839x1103/v1/c414x250q85.jpg"
"DazzlingWhiteSmileUSA","$17.99","img.grouponcdn.com/deal/2XduHou9zBmdo1Ta6iV2/88-1197x718/v1/c414x250q85.jpg"
"Calm Dental","$23","img.grouponcdn.com/deal/5QJi9ZHXtrhk8aVanmA8n/IMAGE_Calm-Dental-440x267/v1/c414x250q85.jpg"
"Hair Restoration of California","$184","img.grouponcdn.com/deal/hbSVhSSnZNZ63EE6jpNMrf/186472261-3820x2292/v1/c414x250q85.jpg"
"Metro Fitness","$43","img.grouponcdn.com/deal/nf8zKjh7j71fgP6iqssP/hX-2048x1229/v1/c414x250q85.jpg"
"Agni Yoga","$43","img.grouponcdn.com/deal/bNzTrexbgz4TLGPFJsuUJN/agni_yoga-2048x1229/v1/c414x250q85.jpg"
"WESTHOLLYWOODCOLONIC","$59","img.grouponcdn.com/deal/24Hxq7N34VtL1tnkPqbPx6dMWGH9/24-4752x3168/v1/c414x250q85.jpg"
"Woods Fit","$12","img.grouponcdn.com/deal/3epXbeQB8JYKwNzingWpRxUXNqau/3e-1080x648/v1/c414x250q85.jpg"
"Dylan Conrad Fitness","$99","img.grouponcdn.com/deal/4TtUi3pzvF97ueowfJwNgtcLU2tF/4T-5623x3374/v1/c414x250q85.jpg"
"Tower Foot & Ankle Surgery","$78","img.grouponcdn.com/deal/36HY3XriPZjAxvFSUwY/Dq-3000x1800/v1/c414x250q85.jpg"
"Laser Sculpture","$47","img.grouponcdn.com/iam/hYBRTLSj4TcsLB45Yjy/78-4881x2929/v1/c414x250q85.jpg"
"Abraham S. Urbach, D.D.S.","$43","img.grouponcdn.com/deal/poQHDtmfkCaWfHVEmp1cgz/501292869--3000x1800-2048x1229/v1/c414x250q85.jpg"
"Skin Laser Center","$104","img.grouponcdn.com/deal/gFyt3PVweTyjgEWUHBfL/pR-1500x900/v1/c414x250q85.jpg"
"LAKO","$82","img.grouponcdn.com/deal/j93fMKvMmcQgdSwvhQqz/Ah-1000x600/v1/c414x250q85.jpg"
"ABS Club LA","$19","img.grouponcdn.com/deal/5zZjXSNvWkVvVk4XefEp/9Q-2048x1229/v1/c414x250q85.jpg"
"Dragonfly Reiki Healing Practice","$50","img.grouponcdn.com/iam/ybyp4vT29dNvLpNky5ZdVVCnSvC/yb-2048x1229/v1/c414x250q85.jpg"
"The Blessed Acupuncture & Herbs Clinic","$35","img.grouponcdn.com/deal/pzXdM5dwn7xkf7KKgCGM/gA-2048x1229/v1/c414x250q85.jpg"
"Medi Spa at Beverly Hills Plaza Hotel","$104","img.grouponcdn.com/deal/m7psLhA38AMctU2bcZk6/4m-1500x900/v1/c414x250q85.jpg"
"Cup Of Tea For The Soul","$30","img.grouponcdn.com/deal/doMfNfCM8yqeBKU2e8S4/VZ-960x576/v1/c414x250q85.jpg"
"Ikjae Olympic Acupuncture Clinic","$69","img.grouponcdn.com/deal/9AxvPKbjzTkcAtgjPJaF/xW-1000x600/v1/c414x250q85.jpg"
"1st Dental Implant Center","$52","img.grouponcdn.com/deal/tXtPHaNfnyrNrYSXmEZ5gi/86479781-2048x1229/v1/c414x250q85.jpg"
"Hollywood Body Sculpting","$84","img.grouponcdn.com/deal/ib1KBEVkCpmgvcfoq6TW/wx-3000x1800/v1/c414x250q85.jpg"
"Pa Kua Health Studio","$27","img.grouponcdn.com/iam/mJCJzH7Bj6ebr6rDTSoy/Mf-2048x1229/v1/c414x250q85.jpg"
"Higher Power Fitness USA","$54","img.grouponcdn.com/iam/QxRxjGuPkWqnkJVirffSwRpdBdX/Qx-2048x1229/v1/c414x250q85.jpg"
"Los Angeles Weightloss Center","$87","img.grouponcdn.com/deal/3CpzWrUrDZb9KDe7SMqC/XW-2048x1229/v1/c414x250q85.jpg"
"R.I.C.H Life Success Driven","$45","img.grouponcdn.com/deal/2eEsgwpfhSGyC7cYnj4p/he-700x420/v1/c414x250q85.jpg"
"LA BodySculpture","$474","img.grouponcdn.com/deal/7AVuoMFk4axVQaNRWc4E/7W-2048x1242/v1/c414x250q85.jpg"
"Unlimited Chiropractic Los Angeles","$31","img.grouponcdn.com/iam/26XzAcGYomEnZvWS5Qe78mgjdD1Q/26-2048x1229/v1/c414x250q85.jpg"
"Curves Silver Lake / Los Feliz","$15","img.grouponcdn.com/deal/3fg6Cy1g4mYB7knEPZ6aBQGBLNdq/3f-4000x2667/v1/c414x250q85.jpg"
"Bikram Yoga LA","$31","img.grouponcdn.com/iam/22MNNDNF2nU1SfBj99upof8ZJAT3/22-2048x1229/v1/c414x250q85.jpg"
"Pusan Acupuncture","$30","img.grouponcdn.com/deal/g8856BqYD7iWNBMLpFSB/T8-4980x2988/v1/c414x250q85.jpg"
"Daurden Performance Art Collective","$2","img.grouponcdn.com/deal/cQast8bXhnPgrg3sfpyr/Xk-5616x3370/v1/c414x250q85.jpg"
"Sanctuary Fitness","$33","img.grouponcdn.com/deal/1BF3r7RV9xiQnrbwvCsDFYkRaBU/1B-700x420/v1/c414x250q85.jpg"
"My Chakra Healer","$37","img.grouponcdn.com/deal/9MYB2pR4ZrJ4EbC4ukFs/rk-2048x1229/v1/c414x250q85.jpg"
"Yoga Soul","$45","img.grouponcdn.com/deal/W8tvV98r7FMBCQssdvF/zd-2048x1229/v1/c414x250q85.jpg"
"The Bernhard Heyman Center for Chiropractic Health and Wellness","$43","img.grouponcdn.com/iam/2tWYE5Y7V6Nz4sAtQ25XtLoySgwG/2t-2048x1229/v1/c414x250q85.jpg"
"MD Aesthetics","$87","img.grouponcdn.com/iam/3WH9rJS5DykMPVWL6a8ZznLT7SuH/3W-2048x1229/v1/c414x250q85.jpg"
"Hypnotherapy, Past-life Regressions & Manifestation Coaching","$105","img.grouponcdn.com/deal/u3s87bRAbDMYTyWk9JxzVY/454007707-2048x1229/v1/c414x250q85.jpg"
"Pacific Rejuvenation Medical","$61","img.grouponcdn.com/deal/b68MNdgvzvugY23jPykj/AQ-2048x1229/v1/c414x250q85.jpg"
"Tower Foot & Ankle Surgery Inc.","$18","img.grouponcdn.com/deal/ieqq79SGur2dH9idVEox/dd-2048x1229/v1/c414x250q85.jpg"
"Daurden Performance Art Collective","$2","img.grouponcdn.com/deal/96qwRYaupTHhtSxMJjSE/Ue-4568x2741/v1/c414x250q85.jpg"
"Pardon My Heart LA","$35","img.grouponcdn.com/deal/2DM63q9xsJFbYwZ7rxuMiTSG7Ung/2D-2048x1242/v1/c414x250q85.jpg"
"Breakthrough Issues","$43","img.grouponcdn.com/deal/obmcmLBz8tRF5uwTm1Nk2c/80449185-1000x600/v1/c414x250q85.jpg"
"Dr Farshid Namin","$35","img.grouponcdn.com/iam/4XsVvxstByxD6rcNEv8RYM3XPjLy/4X-2048x1229/v1/c414x250q85.jpg"
"CycleTRaX","$39","img.grouponcdn.com/deal/pToWL9nn4GjdQxV7KhWK/sA-2048x1242/v1/c414x250q85.jpg"
"Hypnosis Motivation Institute","$138","img.grouponcdn.com/deal/7bGspLJoKpPYFcMdwsbX/mg-2048x1229/v1/c414x250q85.jpg"
"Dr. Tour's Dental Office -  Ramin Tour DDS","$43","img.grouponcdn.com/deal/r5iVrsUGiFqPBJuLeCWT95/ramin_tour_dds-2048x1242/v1/c414x250q85.jpg"
"Donna at Blue Sky Pilates","$36","img.grouponcdn.com/deal/2FmtEfT2NA98BsUd6hQ6TwyLNyNK/2F-2048x1229/v1/c414x250q85.jpg"
"Dermix Medical Aesthetics Group","$83","img.grouponcdn.com/deal/6tsfSd3u6g2gqiyyCV8X/QZ-2048x1229/v1/c414x250q85.jpg"
"Vital Scan, Inc.","$156","img.grouponcdn.com/iam/vtojmp1ckcTAgWBhV5Ee/kB-2048x1229/v1/c414x250q85.jpg"
"Alliance Health Choice","$34","img.grouponcdn.com/iam/4Cu93Nh1HdQWKmCp1cjxiC2Xt4eL/4C-2048x1229/v1/c414x250q85.jpg"
"Healing Hands Spa and Wellness","$39","img.grouponcdn.com/deal/n45Kgpr46N4pmtug6UkhJZm7kgU/n4-2048x1228/v1/c414x250q85.jpg"
"Reset Your Mind","$52","img.grouponcdn.com/deal/8f1EvyBYHJfjrVR1bKRo/69-2048x1229/v1/c414x250q85.jpg"
"Silva Arejian, DDS","$24","img.grouponcdn.com/deal/npBqxHYR7ujhUFNuxp1c/Hb-2048x1229/v1/c414x250q85.jpg"
"Tower Foot & Ankle Surgery","$18","img.grouponcdn.com/iam/51o6sKPE8WX2oZESJxC7/H8-2048x1229/v1/c414x250q85.jpg"
"BROW STUDIO","$20","img.grouponcdn.com/deal/oeKHkehRZ54acYEWvtAaLu/ihs_0-110_0671-2048x1229/v1/c414x250q85.jpg"
"Angeleno Smile","$49","img.grouponcdn.com/deal/9UpgA1x7scA1jKiMDUx42x/177000598__1_-2048x1229/v1/c414x250q85.jpg"
"JK Zen Fitness","$43","img.grouponcdn.com/iam/66R5cyK9J2qAMNQqh69N/1h-2048x1229/v1/c414x250q85.jpg"
"Fitlocals","$34","img.grouponcdn.com/deal/vyAZJSwtDZSjEi6JNHB2am/104703458-2048x1229/v1/c414x250q85.jpg"
"Melrose Pilates","$144","img.grouponcdn.com/deal/cstV2X6X2onkDEYbwo6k/eJ-2048x1229/v1/c414x250q85.jpg"
"Universal City Dental","$83","img.grouponcdn.com/deal/s9fAXwEsJttVZffsFBRc/eC-2048x1242/v1/c414x250q85.jpg"
"Burn Babe Fitness","$55","img.grouponcdn.com/deal/2Myng2XCYSThn7zL5x8DWxj1jNQe/2M-4478x2682/v1/c414x250q85.jpg"
"Fitness Over Hollywood","$57","img.grouponcdn.com/iam/4D8jWSBZEULh3LrNeCLjiAAhaLBS/4D-2048x1229/v1/c414x250q85.jpg"
"Burlesque, Body Confidence and Self Image Discovery","$13","img.grouponcdn.com/deal/jTRZQJ1w8VbehgnyhESL/iB-2048x1229/v1/c414x250q85.jpg"
"Level Up Brazilian Jiu Jitsu","$34","img.grouponcdn.com/deal/3K7yAe5rT8pYsngQL5ggB4Z47Lmc/3K-2048x1229/v1/c414x250q85.jpg"
"AbsClubLA","$29","img.grouponcdn.com/deal/fBzQuwahoDejX6XPTRRy/Fc-960x576/v1/c414x250q85.jpg"
"CLINICell","$52","img.grouponcdn.com/deal/gtG87EA364QJsnPUMGH7/5j-2048x1242/v1/c414x250q85.jpg"
"Trinity Health and Wellness","$31","img.grouponcdn.com/iam/n9kncFWgqVt7ZphPSybj42nh448/n9-2048x1229/v1/c414x250q85.jpg"
"Skinny Me Med","$25","img.grouponcdn.com/iam/2UbuEjoQKgr8pyXapjXfDHwQfp9v/2U-2048x1229/v1/c414x250q85.jpg"
"Idealw84u","$42","img.grouponcdn.com/deal/31UZuyxMvSGeKcW6yaAf/vo-1000x600/v1/c414x250q85.jpg"
"9 to 7 Dental Office","$8","img.grouponcdn.com/deal/3hzAp2Ugv7Vg4xrXbpWD/T4-5616x3370/v1/c414x250q85.jpg"
"Harvest Fitness","$30","img.grouponcdn.com/deal/vV9dmDKnfKwdi4MX6KHu/Cj-5157x3094/v1/c414x250q85.jpg"
"Dream Smiles Dental Arts","$49","img.grouponcdn.com/deal/k5SpdMbPeVo3yCujFofs4k/000019355835_2048x1229-2048x1229/v1/c414x250q85.jpg"
"Hunt Pilates","$85","img.grouponcdn.com/iam/3ShaBNCyjBtxik4hWEEPTwWMSuZg/3S-2048x1229/v1/c414x250q85.jpg"
"Pasha Dental Group","$17","img.grouponcdn.com/deal/iZXtMZTtrKSA1FvsgzNM/f2-2048x1229/v1/c414x250q85.jpg"
"African Soul International","$34","img.grouponcdn.com/deal/BBK8AhFUPu5Qn7h3ZQ3ZSGQfeKn/BB-1203x720/v1/c414x250q85.jpg"
"Slim Body Fitness","$31","img.grouponcdn.com/iam/cdXthQXe8c6umppbzAHT/JL-2048x1229/v1/c414x250q85.jpg"
"Aspire Medical Weight Control","$94","img.grouponcdn.com/deal/2etBPcWbh1B9FNYmebNojji1R9Gh/2e-960x576/v1/c414x250q85.jpg"
"Tower Foot & Ankle Surgery Inc.","$87","img.grouponcdn.com/deal/b9Xw7PbCeZ3ipxcRLm73/XB-3000x1800/v1/c414x250q85.jpg"
"Pure Barre- Downtown Los Angeles","$64","img.grouponcdn.com/deal/8UrJHSH5bWmeqMcqEQrv/DD-720x432/v1/c414x250q85.jpg"
"Zakhor Dental Group","$31","img.grouponcdn.com/iam/388efKgDKGe5hmjkTyKLqbctQm3W/38-2048x1229/v1/c414x250q85.jpg"
"Slim And Young Acupuncture","$28","img.grouponcdn.com/deal/mzCaguALabff8McX6hKB/oz-5000x3000/v1/c414x250q85.jpg"
"Scu Soma","$37","img.grouponcdn.com/deal/aGARH2y3vdosdsP3TgMM/gL-2048x1242/v1/c414x250q85.jpg"
"Silvana Ferrer C.ht.","$44","img.grouponcdn.com/deal/jycTff6DbhSzqRNiC4vw/Kr-3780x2268/v1/c414x250q85.jpg"
"Cave CrossFit","$115","img.grouponcdn.com/deal/2wXF2KzGKRPHd3SoMMAQpS79CqHK/2w-5474x3278/v1/c414x250q85.jpg"
"Harvest Fitness","$43","img.grouponcdn.com/deal/vcRz1nHTJeUFYMMLGCwz/si-2048x1229/v1/c414x250q85.jpg"
"The Bar Method Downtown LA","$61","img.grouponcdn.com/deal/FfaR1HcSNtLxAdPjXGAGMcKyrhH/Ff-2000x1333/v1/c414x250q85.jpg"
"Lipo Light LAX","$34","img.grouponcdn.com/deal/5sQ7KdyDETdSnZj9F5eB/PX-2048x1229/v1/c414x250q85.jpg"
"Ella Yoga","$35","img.grouponcdn.com/deal/XYu8uDHDEGizzkieHvfjsPHm4Ga/XY-1443x864/v1/c414x250q85.jpg"
"Re:Form, a Pilates Studio","$1","img.grouponcdn.com/deal/n4BXuz7po3zixiTh5Xyq/i5-4894x3282/v1/c414x250q85.jpg"
"Hollywood Body Sculpting","$87","img.grouponcdn.com/deal/ixA9dCNYg3bfRc1trvnt/fP-2048x1229/v1/c414x250q85.jpg"
"CrossFit Woodland Hills","$27","img.grouponcdn.com/deal/rSqdTyucACF3Qd3DyoLE/kn-2048x1229/v1/c414x250q85.jpg"
"Moses Fitness","$50","img.grouponcdn.com/deal/3WtdPTBp25MoGbw4WiBYQaebBuBJ/3W-3981x2384/v1/c414x250q85.jpg"
"Artistic Athletics","$36","img.grouponcdn.com/deal/4MNYhfSnNriAzcnx85bq8Bixt8Q6/4M-1803x1080/v1/c414x250q85.jpg"
"Peak 5 Fitness","$46","img.grouponcdn.com/iam/2w1trKkcJApRYNPzsyao861paULv/2w-2048x1229/v1/c414x250q85.jpg"
"Signature Smiles of LA","$23","img.grouponcdn.com/iam/4RRirTxf7QZxCfn2pX6CA66YkDsi/4R-2048x1229/v1/c414x250q85.jpg"
"Marvin C. Lee Chiropractic Center","$59","img.grouponcdn.com/iam/2F2Dkn9Vzc8o3JqpsxUcnWFQQ3Ej/2F-2048x1229/v1/c414x250q85.jpg"
"Cosmetic Laser MedSpa","$130","img.grouponcdn.com/deal/cdNMDCrzt22bUN32cMoG/oQ-1255x753/v1/c414x250q85.jpg"
"Leever Wellness","$66","img.grouponcdn.com/iam/mwaEwYLnSwJ5PK2vFmQC/hB-2048x1242/v1/c414x250q85.jpg"
"Kalologie 360 Spa","$165","img.grouponcdn.com/iam/pUCQV1sg91fWZBazAcoX2C2Db5n/pU-2048x1229/v1/c414x250q85.jpg"
"Citadel Dental Group","$35","img.grouponcdn.com/deal/iGoxW6gANPhqYjnU67wj/yd-2048x1229/v1/c414x250q85.jpg"
"FitRanX West Valley","$25","img.grouponcdn.com/iam/h297Mt3DmYumSM3xsVZa/iS-2048x1229/v1/c414x250q85.jpg"
"Arkady Kaplansky DPM","$156","img.grouponcdn.com/deal/qQEDXsiKeHv8gPx1nWL1/ky-2048x1229/v1/c414x250q85.jpg"
"Weekend Weight Loss Center-Multi-Location","$124","img.grouponcdn.com/deal/3dGqhtdK4qpTW9nQ3Eh/s5-2048x1229/v1/c414x250q85.jpg"
"Healing Hands Spa and Wellness","$99","img.grouponcdn.com/iam/oFnZjPAp4yYCfhogVuv5/E5-2048x1242/v1/c414x250q85.jpg"
"Neuromuscular Hypnotherapy","$66","img.grouponcdn.com/iam/3n7CWzfuWyUkY6Xt22Bd4g5vzdMa/3n-2048x1229/v1/c414x250q85.jpg"
"Dream Smiles Dental Arts","$92","img.grouponcdn.com/iam/wrzbgm3hiBi76mC46aYA/LX-2048x1242/v1/c414x250q85.jpg"
"Cosmetic Laser MedSpa","$119","img.grouponcdn.com/deal/2mteocb9pBxuqMRArYr5N3/ur-2122x1415copy-700x420/v1/c414x250q85.jpg"
"Body Art by Shaun","$138","img.grouponcdn.com/deal/noRo998xPCitL2s7EEa2/PB-1500x900/v1/c414x250q85.jpg"
"Brian Berumen Training","$39","img.grouponcdn.com/deal/2C72eLDfc6d7UC5ewRkEhA9uon3r/2C-5760x3456/v1/c414x250q85.jpg"
"Cosmetic Laser MedSpa","$200","img.grouponcdn.com/deal/frN27uTwLL5RhoUs4jNf/aW-2048x1229/v1/c414x250q85.jpg"
"101 Dental Group","$224","img.grouponcdn.com/iam/tqHJkzFBx5i94sKsgtYM/xn-2048x1229/v1/c414x250q85.jpg"
"Nutrition Journey, LLC","$135","img.grouponcdn.com/deal/bHhhUHuLWu3gzB96LhuX/Th-2048x1229/v1/c414x250q85.jpg"
"Laser Professionals","$274","img.grouponcdn.com/deal/weSf9zBzbP6X6i92GaCN/fG-2048x1229/v1/c414x250q85.jpg"
"Balfour Health Center","$34","img.grouponcdn.com/deal/6y1v8a1NmA2dhzCrjA8P/J6-2048x1229/v1/c414x250q85.jpg"
"DazzlingWhiteSmileUSA--Pens","$17.99","img.grouponcdn.com/deal/4QMMXEVfQPCABES8ersVQyLJMHJL/4Q-1500x900/v1/c414x250q85.jpg"
"Valley View Medical Clinic","$276","img.grouponcdn.com/deal/aURfuNTPNdCda5eEBjqB/h2-960x576/v1/c414x250q85.jpg"
"Encino Esthetic Dental Group","$34","img.grouponcdn.com/deal/eBQajDaB89Yb86WWigphFW/179150393-1500x900/v1/c414x250q85.jpg"
"FitprosLA","$20","img.grouponcdn.com/deal/iMafka71J5PktnnC6oER/5s-5731x3439/v1/c414x250q85.jpg"
"SportfitLA","$52","img.grouponcdn.com/deal/3kz9FcdQpEHpuMXQ2S4j/es-2048x1229/v1/c414x250q85.jpg"
"Blue Diamond Spa","$574","img.grouponcdn.com/deal/5NjHeCn5BX95aNB2AtZY/Hg-2048x1242/v1/c414x250q85.jpg"
"Vernon Family Dental","$22","img.grouponcdn.com/iam/4UGwXZ26T48ysgiC3SaVcXPwCUhQ/4U-2048x1229/v1/c414x250q85.jpg"
"Shaolin Wushu Center","$60","img.grouponcdn.com/deal/jeGQYArrx6disgfbH7T1/9N-700x420/v1/c414x250q85.jpg"
"MyBeautySecretsUSA","$22","img.grouponcdn.com/deal/6nwQRw6Lq5ccD4AZW2Z9/WH-700x420/v1/c414x250q85.jpg"
"Laser Sculpture","$147","img.grouponcdn.com/deal/2TDp9Jb6ynDEv2zEP53QXN/IMAGE_Laser-Sculpture---NAT-ZERONA---2048x1242/v1/c414x250q85.jpg"
"Devonshire Dental Group","$34","img.grouponcdn.com/deal/shiRYEJDqHatxsu6hjWz/zM-2048x1229/v1/c414x250q85.jpg"
"Eternal Athena Laser Like Lipo","$69","img.grouponcdn.com/iam/1nhhnfSCtoXYJ8MfYx2nH8tUwJR/1n-2048x1229/v1/c414x250q85.jpg"
"Encino Cosmetic and Dental Implants","$52","img.grouponcdn.com/deal/ufEhqBWydvZF5u5PWoJD/az-2048x1229/v1/c414x250q85.jpg"
"DR.SNORE - Snoring and Sleep Apnea Solutions","$23","img.grouponcdn.com/deal/fVFmR2qZ4jCd7QCjsnRQ/GP-1200x720/v1/c414x250q85.jpg"
"ChiroWellnessLA","$61","img.grouponcdn.com/iam/28hWZcqbGG9CH4Q9WviA8dUFLsh3/28-2048x1229/v1/c414x250q85.jpg"
"Venus Medical Weight Loss","$45","img.grouponcdn.com/deal/4ZCwuTQkeyenmP3DtJXb/Wp-2048x1242/v1/c414x250q85.jpg"
"Lee Podiatry Group - Los Angeles","$199","img.grouponcdn.com/deal/joF6JUxtnfcrVpJEPE9H/zr-2048x1229/v1/c414x250q85.jpg"
"Evergreen Acupuncture & Wellness Center, Inc","$58","img.grouponcdn.com/deal/csXgVsLCPy1kHGgtpPi1/wp-700x420/v1/c414x250q85.jpg"
"Beverly Hills Fitness Group, Inc.","$52","img.grouponcdn.com/deal/moGkQSqQdA4awJca3Hqq/Nv-1500x900/v1/c414x250q85.jpg"
"Chadash Natural Health Institute","$130","img.grouponcdn.com/deal/aeEkwtk3LgZSF14w4MXZ/rH-2048x1229/v1/c414x250q85.jpg"
"Laser Nail Therapy Clinic","$224","img.grouponcdn.com/deal/5GG8wH6kkJGyg825UZBk/a1-2048x1229/v1/c414x250q85.jpg"
"completeBURN Fitness","$65","img.grouponcdn.com/deal/3vqBhBDxyrk9PHi3Q9hsbEVK2Pqk/3v-2044x1224/v1/c414x250q85.jpg"
"Steven Donia D.D.S.","$49","img.grouponcdn.com/deal/dJ6cVjtEuBP6Z4MHMo9N/R2-2048x1229/v1/c414x250q85.jpg"
"UrbanMed","$52","img.grouponcdn.com/iam/uWkXdeVuWuJ6ttcvZGR2/zp-2048x1229/v1/c414x250q85.jpg"
"Shirley Advanced Skincare","$48","img.grouponcdn.com/deal/8GaBuqfGuyDhDyGqXpyF/9H-2048x1229/v1/c414x250q85.jpg"
"iJamesMichael Fitness","$66","img.grouponcdn.com/deal/iiYTsmgbVyRT69BCzbie/zw-2048x1242/v1/c414x250q85.jpg"
"Lovely Lady Fitness","$34","img.grouponcdn.com/deal/eRqAWooPBemckW7NFMMe/b3-2048x1229/v1/c414x250q85.jpg"
"Social Workout Studio - Alice Raibon","$34","img.grouponcdn.com/iam/4c3VjDXxdxwdqEAqW3mK/VT-2048x1229/v1/c414x250q85.jpg"
"Diana Ruth Briscoe, Hypnotherapist","$330","img.grouponcdn.com/deal/moB3Dnt7ocEhZapkSD2A/S5-5616x3370/v1/c414x250q85.jpg"
"Nature's Treasures","$23","img.grouponcdn.com/deal/jEX1WMaXYRKZtNn98JUz/Ri-2048x1229/v1/c414x250q85.jpg"
"Elliot Abrams DDS","$34","img.grouponcdn.com/deal/owkKxoVsuUXfPevzmPczHA/elliot_abrams_dds-2048x1242/v1/c414x250q85.jpg"
"Sobador","$34","img.grouponcdn.com/deal/dapE9pHsgWfmHZuYzaaK/Gc-2048x1229/v1/c414x250q85.jpg"
"Farwest Dental Group","$15","img.grouponcdn.com/deal/fiVXV58XBxag8x1RX2zE/ZG-2048x1242/v1/c414x250q85.jpg"
"Skinny Life America","$55","img.grouponcdn.com/deal/mv8TuBUJrHU3df6p546s/6W-2048x1242/v1/c414x250q85.jpg"
"Baskerville Fitness","$43","img.grouponcdn.com/deal/wjHpwsxyyB9sHhBDiU87/6E-2048x1229/v1/c414x250q85.jpg"
"West LA Dental","$599","img.grouponcdn.com/deal/hkLnUWkEhynbTErkk9cu/FS-2048x1229/v1/c414x250q85.jpg"
"Bam Fitness","$70","img.grouponcdn.com/iam/bRNwH8hmxUrkva25V7sA/7n-2048x1229/v1/c414x250q85.jpg"
"Essential Elements Martial Arts","$29","img.grouponcdn.com/deal/2xrSWxYT2gNMaX7sifxBhwyCAjAC/2x-5760x3456/v1/c414x250q85.jpg"
"Primal Method","$44","img.grouponcdn.com/deal/eLTgim6WPnuvpbGnAcYQ/TZ-2048x1242/v1/c414x250q85.jpg"
"Florade Wellness Center","$374","img.grouponcdn.com/iam/XsBUSnThP6rrk7Xk3o5RtjCVh2R/Xs-2048x1229/v1/c414x250q85.jpg"
"Beverly Hills Institute of Plastic Surgery","$499","img.grouponcdn.com/iam/28GqjMhUho6gEWy9A4WB/gZ-725x483/v1/c414x250q85.jpg"
"MetroMD Institute of Regenerative Medicine","$399","img.grouponcdn.com/deal/qFwrdAc99F2FX2kenKd62Q/67420855-960x576.jpg/v1/c414x250q85.jpg"
"Zakhor Dental Group","$824","img.grouponcdn.com/deal/8aqhdNro2Bcbe7thwqn9/ig-2048x1229/v1/c414x250q85.jpg"
"Kyokushin Karate West La Dojo","$46","img.grouponcdn.com/deal/32LqJpXEiDWD9BZRMLXo/tn-4523x2714/v1/c414x250q85.jpg"
"Life Style By Adam Pedicini","$31","img.grouponcdn.com/deal/3qN7718rKEYwuAdyHEJrNq9ix54/3q-1000x600/v1/c414x250q85.jpg"
"Physique4Fitness","$61","img.grouponcdn.com/deal/bjYANrcvKb7yfFfXoZew/zN-2048x1229/v1/c414x250q85.jpg"
"Andrew Mitchell Fitness","$84","img.grouponcdn.com/deal/9PXPgoBFLLjxgmFkuirn/D6-4800x2880/v1/c414x250q85.jpg"
"Delicious Harmony","$45","img.grouponcdn.com/deal/bxtPRvpVa5XUVmSpC9pb/u6-2048x1229/v1/c414x250q85.jpg"
"Yoga Circle Downtown","$46","img.grouponcdn.com/deal/4WddJAE3ii6TBYvqaq54YxSHAmm3/4W-960x575/v1/c414x250q85.jpg"
"Urban LA Boot Camp","$38","img.grouponcdn.com/deal/ekCi5VmCZvnjYR3wTdm9/2V-3285x1971/v1/c414x250q85.jpg"
"The Strength Shoppe","$35","img.grouponcdn.com/iam/fSAFc5QUvsFjdQZFSKtz/zM-2048x1229/v1/c414x250q85.jpg"
"Combatives Academy","$66","img.grouponcdn.com/iam/2js4mGT6a19c31rXzptvbraFR1VC/2j-2048x1229/v1/c414x250q85.jpg"
"United Capoeira Association Los Angeles","$31","img.grouponcdn.com/iam/e9L668UQxHzC5zwsPMUV/Md-2048x1229/v1/c414x250q85.jpg"
"Home Respiratory Care","$33","img.grouponcdn.com/deal/vjUvofUhpUPQ2TjJ9UYi/vj-2048x1242/v1/c414x250q85.jpg"
"Trinity Health and Wellness","$49","img.grouponcdn.com/deal/41bJpjMx5Z8a2KF5cS7NXE9LDBog/41-2716x1810/v1/c414x250q85.jpg"
"Ladan's Fitness and Healing Club","$87","img.grouponcdn.com/iam/AqQquidtNnfbNFJwxuuK3Z5SRyV/Aq-2048x1229/v1/c414x250q85.jpg"
"Mission Fitness","$31","img.grouponcdn.com/deal/ctuz4VXAmxCt4Vfna5LS/U7-2048x1242/v1/c414x250q85.jpg"
"Brentwood Hypnosis Center","$35","img.grouponcdn.com/deal/311BtQWGtLWeiGN1tP4E/3p-2048x1229/v1/c414x250q85.jpg"
"Featwell","$61","img.grouponcdn.com/deal/2vMuZN9xQGSxTXNcR7Gy/8N-2048x1229/v1/c414x250q85.jpg"
"Higher Power Fitness USA","$17","img.grouponcdn.com/deal/i7bir26oLNRgUgdhxyHf/TZ-2048x1229/v1/c414x250q85.jpg"
"Summy Abbassi DDS","$224","img.grouponcdn.com/deal/i7hfvZRbEZGgt4KChWhb/gu-2048x1229/v1/c414x250q85.jpg"
"Pacific Ocean Laser Center","$214","img.grouponcdn.com/iam/4Rtroa2DuFbPg9hcCPwF4oNkRLvi/4R-2048x1228/v1/c414x250q85.jpg"
"Rock the World Fitness","$96","img.grouponcdn.com/deal/oh53vHNFRpAhFVXjSnrR/nJ-4368x2621/v1/c414x250q85.jpg"
"Strength Plus","$57","img.grouponcdn.com/iam/3s9owotJZW4y3xwnX71L5FEaLnZx/3s-2048x1229/v1/c414x250q85.jpg"
"Frank Laaly DDS Surgical and Cosmetic Dentistry","$138","img.grouponcdn.com/deal/fgSoJ9NobniedfkfpYry/NE-1500x900/v1/c414x250q85.jpg"
"Smiles By Eddie","$34","img.grouponcdn.com/iam/2FGpwjHpYMnEVSJKscmRCsdjL2kK/2F-2048x1229/v1/c414x250q85.jpg"
"HypnoMarketers","$274","img.grouponcdn.com/deal/aMDxrUwHp5AcgdWm5jQJ/2u-2048x1229/v1/c414x250q85.jpg"
"A Whole Notha Level","$43","img.grouponcdn.com/deal/b5vELym2iN2v1afggSbS/dv-2048x1229/v1/c414x250q85.jpg"
"EsTherapy Acupuncture","$34","img.grouponcdn.com/deal/2aftJsUJ8hv1gvMEeJ5HaZLa4H5L/2a-2120x1269/v1/c414x250q85.jpg"
"Dr. Bruce E . King, DDS - Family Dentistry","$150","img.grouponcdn.com/deal/4Ch7DE7F65aoy9bmsMup/X2-2048x1242/v1/c414x250q85.jpg"
"RapidCycle","$87","img.grouponcdn.com/deal/dCzFRnrZQg9nyzGY2BhV/9d-1800x1080/v1/c414x250q85.jpg"
"Connor Green Personal Training","$240","img.grouponcdn.com/deal/3YrpvBGQsWvFaRVCGWDQAbuJvAfv/3Y-2725x1814/v1/c414x250q85.jpg"
"Northridge Advanced Dentistry","$45","img.grouponcdn.com/iam/3icd5idVbVpc8kja29H7rPVVtqgg/3i-2048x1229/v1/c414x250q85.jpg"
"Kuk Sool Won Martial Art Fitness Center","$34","img.grouponcdn.com/deal/nPbmLEf9HfzLNw8h1H96rD/160812665-2048x1228/v1/c414x250q85.jpg"
"SmartLipo at Vermont Healthcare Center","$599","img.grouponcdn.com/iam/3rCtgMduuc5Qwp4aBf4H4NpBr5Nz/3r-2048x1229/v1/c414x250q85.jpg"
"RBG Fitness","$21","img.grouponcdn.com/deal/7Gn5ptNgzEwpnhXGDDJK/6H-2048x1242/v1/c414x250q85.jpg"
"Braces America","$77","img.grouponcdn.com/deal/2kAVBSWmCTVooHQAQrnYScUKijGg/2k-2000x1200/v1/c414x250q85.jpg"
"BEautiful mind BALANCED body","$149","img.grouponcdn.com/deal/urhctS4quhBt5G8qQMvJ/3Z-2048x1229/v1/c414x250q85.jpg"
"Higher Power Fitness USA","$23","img.grouponcdn.com/iam/41XbcCup5FSj7q6et7R7Tk4RSXuy/41-2048x1229/v1/c414x250q85.jpg"
"Beverly Hills Institute of Plastic Surgery","$699","img.grouponcdn.com/deal/7ktKRrbcyycdVsnnfWjZ/jG-2048x1229/v1/c414x250q85.jpg"
"Gymnastics Olympica Usa / Athilates Weightlifting","$60","img.grouponcdn.com/deal/62wW9k5CJ1iEd3QeGLng/JN-5411x3247/v1/c414x250q85.jpg"
"Fired Up Athletics","$75","img.grouponcdn.com/deal/4H9uYefMZZXd7r1ikB7DEUARPBUw/4H-1000x599/v1/c414x250q85.jpg"
"Capoeira MalÃªs","$10","img.grouponcdn.com/iam/b4dhPpMXhcRsJEgQsMsz/e3-2048x1229/v1/c414x250q85.jpg"
"Pop Up Boot Camps","$60","img.grouponcdn.com/iam/4BoyRYtJQtGypGUspyJ4o2VyJDKe/4B-2048x1228/v1/c414x250q85.jpg"
"Hollywood Gym & Fitness","$22","img.grouponcdn.com/deal/fRS3GLHLLM4gsvXAq5vK/rn-2048x1229/v1/c414x250q85.jpg"
"Setiba Aesthetic Group","$274","img.grouponcdn.com/deal/iBo6FQC79r1hBdWJGHd5/n1-2048x1229/v1/c414x250q85.jpg"
"Team Elite Training","$52","img.grouponcdn.com/iam/iZ6HZqx3TqMSgZJSWYAK/Ab-2048x1229/v1/c414x250q85.jpg"
"Higher Power Fitness USA","$43","img.grouponcdn.com/iam/S7Z3bUDkHMujR924wJP/aY-2048x1242/v1/c414x250q85.jpg"
"The National Wushu Training Center","$25","img.grouponcdn.com/deal/38myA5uuMbVsoixLAFzA/aP-440x267/v1/c414x250q85.jpg"
"Seido Karate at the Hollywood Dojo","$15","img.grouponcdn.com/deal/8e1Y1hADAZBhyisXMzzW/17-2048x1229/v1/c414x250q85.jpg"
"Alexandra Catalano Nutrition","$77","img.grouponcdn.com/deal/4SvJNgFaMjmzPvGqE24ZxCLyNQjJ/4S-960x576/v1/c414x250q85.jpg"
"Beverly Hills Institute of Plastic Surgery","$7,995","img.grouponcdn.com/deal/azWqnTagk2jNt1UfJY6hmN/shutterstock_117462799-2048x1229/v1/c414x250q85.jpg"
"Planet Dental","$43","img.grouponcdn.com/deal/311BtQWGtLWeiGN1tP4E/3p-2048x1229/v1/c414x250q85.jpg"
"Alliance Health Choice","$600","img.grouponcdn.com/iam/3esLkABPXGcqeMErS5WSYkz2x1B2/3e-2048x1229/v1/c414x250q85.jpg"
"Summy Abbassi DDS","$249","img.grouponcdn.com/deal/3Yps3j2nw1cVpXisZxbN85UsBXxa/3Y-700x420/v1/c414x250q85.jpg"
"Smiles By Eddie","$60","img.grouponcdn.com/deal/dLDgKLuqMufeU5ACKtTC/z1-2048x1229/v1/c414x250q85.jpg"
"Kiwi Boot Camp","$43","img.grouponcdn.com/deal/m4FCqEaDpkGmhYhHPkmC/wL-1000x600/v1/c414x250q85.jpg"
"Team Watson Boxing Club","$400","img.grouponcdn.com/iam/28uCasmGwirsNWLic8tbd4zEzQhM/28-2048x1229/v1/c414x250q85.jpg"
"Comfort Dental Group","$69","img.grouponcdn.com/iam/k9grpq9cMhJgyeFB4qgk/kc-2048x1229/v1/c414x250q85.jpg"
"Be The Change Energy Center","$174","img.grouponcdn.com/deal/4unrdjgok1AftakXjN4v/iQ-2048x1229/v1/c414x250q85.jpg"
"Florade Skin Care & Wellness Center","$600","img.grouponcdn.com/deal/GZkBfEpDRk5gRmQEcwpSfWwRWg7/GZ-700x420/v1/c414x250q85.jpg"
"Styled by Dessilina","$43","img.grouponcdn.com/deal/2wMPDyp29prcAPKFmZNA/c2-1000x600/v1/c414x250q85.jpg"
"Laser Professionals","$574","img.grouponcdn.com/iam/w4YiR7iTEU5NfmfcXLxS9j3SVJd/w4-2048x1229/v1/c414x250q85.jpg"
"BIOM Healing Center","$164","img.grouponcdn.com/deal/na1JwEUuys181V3hqwzU/AE-5760x3456/v1/c414x250q85.jpg"
"The Main Barre","$46","img.grouponcdn.com/deal/3mFCU6eipvNZnc2CxUQ4Mwk3s111/3m-2000x1200/v1/c414x250q85.jpg"
"Lotus Physical Therapy","$174","img.grouponcdn.com/deal/3JWBXd6QSabc2qYY1SwfCPWQbQ3t/3J-1000x600/v1/c414x250q85.jpg"
"Alliance Health Choice","$174","img.grouponcdn.com/iam/9iVjRmoGz8biVRzg8eAC/TR-2048x1229/v1/c414x250q85.jpg"
"Be The Change Energy Center","$48","img.grouponcdn.com/deal/jgEkFL1AUMGNPEahb4Fs/MK-2048x1229/v1/c414x250q85.jpg"
"Smile Dental","$43","img.grouponcdn.com/deal/5QghMCu16izSamMA2hsXTT/smile_dental-2048x1229/v1/c414x250q85.jpg"
"SPV Therapy","$399","img.grouponcdn.com/iam/4K4jqnLi1gc783MywuKpUsi45NTk/4K-2048x1229/v1/c414x250q85.jpg"
"Do San Taekwondo","$26","img.grouponcdn.com/deal/39QULyX3aYXp2Piq9QETj3U8xPkz/39-1368x819/v1/c414x250q85.jpg"
"DG Boxing","$50","img.grouponcdn.com/deal/3hWiWk9K7iQMbg4D7uiR8Q2rRPNv/3h-5000x2999/v1/c414x250q85.jpg"
"WE ARE ONE MMA and Fitness","$34","img.grouponcdn.com/iam/4XC24bf923xxPrse44xLeSxNRy5j/4X-2048x1229/v1/c414x250q85.jpg"
"Aikido Kenkyukai","$69","img.grouponcdn.com/deal/3xyr47u5gFAAnaMu3mKsNfe9Td7e/3x-960x576/v1/c414x250q85.jpg"
"Easy Care Dental","$39","img.grouponcdn.com/deal/h4dpbV4XAZvhDGV7hCHr/rM-5000x3000/v1/c414x250q85.jpg"
"Beverly Hills Institute of Plastic Surgery","$4,499","img.grouponcdn.com/deal/8UxpxjpAr6qJ6tBp3a1Q/Jv-2048x1229.jpg/v1/c414x250q85.jpg"
"Mob Squad Fitness and Nutrtion Club","$34","img.grouponcdn.com/deal/wviPqXcmcyjF6JRrH9dF/po-2048x1228/v1/c414x250q85.jpg"
"Beverly Hills Prestige Dental Group","$1,999","img.grouponcdn.com/deal/6yiCrg4dJwwHupAJALSu/g4-700x420/v1/c414x250q85.jpg"
"Beverly Hills Prestige Dental Group","$2,950","img.grouponcdn.com/deal/2yr7ggj89zyGQxKgfeCoL8ye6i4M/2y-2048x1229/v1/c414x250q85.jpg"
"White Lotus Kung Fu Studio","$1","img.grouponcdn.com/deal/jTXJhEkBDYPdqKuCRog5/88-5613x3368/v1/c414x250q85.jpg"
"Kuno Silat Academy","$26","img.grouponcdn.com/deal/4p9GYJGaoTPfHhDFNRxy/2x-700x420/v1/c414x250q85.jpg"
"Frank Laaly DDS Surgical and Cosmetic Dentistry","$52","img.grouponcdn.com/deal/kqjj45syhJmmuoGea8StDf/istock_000005914586-2048x1229/v1/c414x250q85.jpg"
"Seven Stars Kung Fu","$44","img.grouponcdn.com/deal/dQtYNEYABsYVADodfpaf/Tc-1973x1184/v1/c414x250q85.jpg"
"Braces America","$2,599","img.grouponcdn.com/deal/2ZMetAa7Nw2t9otoGrwa/3R-2048x1242/v1/c414x250q85.jpg"
"AZIAM Yoga","$1,999","img.grouponcdn.com/deal/mB9ogkiWTgdmNaKTdwJC/VY-2048x1229/v1/c414x250q85.jpg"
"Zakhor Dental Group","$2,499","img.grouponcdn.com/deal/3463Ni4hgZ8gRyrTe2seZV/zakhor_dental_group-2048x1242/v1/c414x250q85.jpg"
"Continental Dental Group","$34","img.grouponcdn.com/deal/dedjtPNh9fKfW5EY7k6d/v1-2048x1229/v1/c414x250q85.jpg"
"Pacific Ocean Dental Group","$48","img.grouponcdn.com/deal/8AjPZ1MwJ49nnNS2oM5q/Pa-2048x1229/v1/c414x250q85.jpg"
"Beverly Hills Institute of Plastic Surgery","$999","img.grouponcdn.com/deal/g2cZ7i1ycTVi2wx92F3T/b7-1000x600/v1/c414x250q85.jpg"
"Aesthetic Dental Group","$99","img.grouponcdn.com/deal/dLDgKLuqMufeU5ACKtTC/z1-2048x1229/v1/c414x250q85.jpg"
"Braces America","$2,100","img.grouponcdn.com/deal/xUJULjRoTFUaVXp4jNgBLV6Y8RN/xU-2048x1229/v1/c414x250q85.jpg"
"SoCal Personal Training","$105","img.grouponcdn.com/deal/2FLaJaSvMfe36rqBWmwBR2/100198348-2048x1228/v1/c414x250q85.jpg"
"CrossFit Aviator","$29","img.grouponcdn.com/deal/mZTywzrGjwqjiSkKvNoa/sJ-1500x900/v1/c414x250q85.jpg"
"Beverly Hills Institute of Plastic Surgery","$1,799","img.grouponcdn.com/iam/cbmYULjk6NRcfMheFWK2/4x-2048x1229/v1/c414x250q85.jpg"
"California Varicose Vein And Vascular","$375","img.grouponcdn.com/deal/3kXCp68D1ZkFdJuAS5Dz7ThHbAwE/3k-848x509/v1/c414x250q85.jpg"
"Setiba Group","$999","img.grouponcdn.com/deal/4G356Jupe8yc2wGjvyU/V8-2048x1229/v1/c414x250q85.jpg"
"Beverly Hills Prestige Dental Group","$999","img.grouponcdn.com/iam/sDyUpX9WBmRpZoXXxrL9/gu-5000x3000/v1/c414x250q85.jpg"
"Aikido Academy Los Angeles","$45","img.grouponcdn.com/deal/AZkDxmj9M6hmS2wr9py/U9-1856x1114/v1/c414x250q85.jpg"
"Training Ground Zero","$99","img.grouponcdn.com/deal/trWzKG2GzaUHTtPs9YjG/YR-2048x1229/v1/c414x250q85.jpg"
"Tai Chi Works","$82","img.grouponcdn.com/deal/v7wY2t8StndvnZ6E7Rdg/DW-440x267/v1/c414x250q85.jpg"
"SPV Therapy","$999","img.grouponcdn.com/deal/sSRzfjfhcxKYfnE7PNXu1iAjPEU/sS-1500x900/v1/c414x250q85.jpg"
"Smile :Dzine","$2,799","img.grouponcdn.com/deal/rdgfeMNARim8jZGXW1ir/Cg-2048x1229/v1/c414x250q85.jpg"
"House Of Fundamentals","$87","img.grouponcdn.com/deal/s5VSFJjM8feffSdH4EBs/uv-2048x1242/v1/c414x250q85.jpg"
"E-Dream Dentistry","$1,399","img.grouponcdn.com/iam/azi18NE1znPf2nSMMn5S/nk-2048x1229/v1/c414x250q85.jpg"
"Beverly Hills Institute of Plastic Surgery","$8,995","img.grouponcdn.com/deal/22h2wLc8HfPxLSdi59FC8pfTURM4/22-2048x1229/v1/c414x250q85.jpg"
"Got Game Basketball Academy","$66","img.grouponcdn.com/deal/7qVG7DHoHMkjPds6BrKN/uP-2048x1229/v1/c414x250q85.jpg"
"Ink MillionHairs","$1,900","img.grouponcdn.com/deal/k36UDv268uvTZXR5i3awZeXCtHo/k3-2048x1228/v1/c414x250q85.jpg"
"Royce Gracie Jiu Jitsu South Bay","$35","img.grouponcdn.com/deal/2ywm6YeSQReihXK4t7BD/nF-960x576/v1/c414x250q85.jpg"
"Teagen Rose Fitness","$63","img.grouponcdn.com/deal/jo1dVxiKLuPpgMvt1VPZ/oX-2048x1242/v1/c414x250q85.jpg"
"Beverly Hills Institute of Plastic Surgery","$3,299","img.grouponcdn.com/deal/stzLJkD632q2ycXojFKHwi/shutterstock_98086739-1500x900/v1/c414x250q85.jpg"
"Ramin Tour DDS","$2,974","img.grouponcdn.com/deal/hhb4uDf2frAgdPwS3Pd5/bP-2048x1229/v1/c414x250q85.jpg"
"Beverly Hills Institute of Plastic Surgery","$3,500","img.grouponcdn.com/deal/kAdfc8hafyLnopYE4PT6/KR-2048x1229/v1/c414x250q85.jpg"
"Bright Start Chiropractic","$49","img.grouponcdn.com/iam/x77XRtd5jhnshukJep6i/bn-2048x1229/v1/c414x250q85.jpg"
"Sanaz Parsi, DDS /Angeleno Smile","$2,399","img.grouponcdn.com/iam/2PVyyTj6r2Re2gUb7ZzZGzGv8Q3U/2P-2048x1229/v1/c414x250q85.jpg"
"Beverly Hills Women's Center","$3,900","img.grouponcdn.com/deal/gx5UMX4wcYjca6UPJPCA/9b-2048x1229/v1/c414x250q85.jpg"
"Southern California Aquatics","$34","img.grouponcdn.com/deal/sRBhfu4HdzYLMjKxiVhZtL/137847272-2048x1229/v1/c414x250q85.jpg"
"Smiles in Los Angeles","$2,599","img.grouponcdn.com/iam/2YHMChATqWhaSrzWFo6647CnoP1i/2Y-2048x1229/v1/c414x250q85.jpg"
"Bam Fitness","$40","img.grouponcdn.com/deal/2LiYkZKqAsfpPAfXoY8iee/IMAGE_Bam-Fitness2-2048x1242/v1/c414x250q85.jpg"
"Ladan's Fitness & Healing Club","$34","img.grouponcdn.com/iam/Ah7EPaRe1AEHLkagHq5w2KBQreY/Ah-2048x1229/v1/c414x250q85.jpg"
"Elliot Abrams DDS","$525","img.grouponcdn.com/deal/sxzogeXUAFFnM2gAFj3izsswzEu/sx-1000x600/v1/c414x250q85.jpg"
"Beverly Hills Institute of Plastic Surgery","$9,499","img.grouponcdn.com/deal/QRL77hr3XxN4uZ5dnkVcsBeR9F8/QR-960x576/v1/c414x250q85.jpg"
"Beverly Hills Institute of Plastic Surgery","$3,430","img.grouponcdn.com/deal/6EWaEQTUkB9jvNhGrgP4/Z7-1500x900/v1/c414x250q85.jpg"
"Los Angeles Golf Lesson","$227","img.grouponcdn.com/deal/3K755bHyqJdZctW2HJnN7H6Rnsb4/3K-4288x2848/v1/c414x250q85.jpg"
"Beverly Hills Institute of Plastic Surgery","$9,999","img.grouponcdn.com/deal/cuWsmoXhSNbhXQSFeyfd/1D-1000x600/v1/c414x250q85.jpg"
"B2G Sports","$66","img.grouponcdn.com/iam/4bExv3M2Py7s8BjimxSR/97-2048x1229/v1/c414x250q85.jpg"
"Aikido Kenkyukai","$61","img.grouponcdn.com/deal/4GHGNEtmXZZoX5uJwqvWvaJsBcv9/4G-960x575/v1/c414x250q85.jpg"
"Warriors Youth Basketball","$25","img.grouponcdn.com/deal/ckkSFz6a9GJgNyUFopVh/rf-2048x1242/v1/c414x250q85.jpg"
"Rhythmic Academy of Los Angeles","$105","img.grouponcdn.com/deal/e1MEwpjAnvGcxiS6gego/8s-960x576/v1/c414x250q85.jpg"
"Hollywood Body Club","$43","img.grouponcdn.com/deal/hFkxBCwG82s6V59XPGn7/Pv-2048x1229/v1/c414x250q85.jpg"
"E-Therapy Cafe","$25","img.grouponcdn.com/deal/3VJSyrKr23m4r99o2yh3NNdJ8y1X/3V-1280x768/v1/c414x250q85.jpg"
"North Valley Swim","$58","img.grouponcdn.com/iam/d79cuEMjsUgSD2Ty2WWu/dj-2048x1229/v1/c414x250q85.jpg"
"Leroy Bates Golf Foundation","$28","img.grouponcdn.com/deal/kcAJ2CdALz4AxEWhD5AxdQsQgDq/kc-960x576/v1/c414x250q85.jpg"
"Irradiance Medical Group","$799","img.grouponcdn.com/deal/33JyVDtV3ZmKqUxTgTxJz7MX8zTZ/33-2048x1229/v1/c414x250q85.jpg"
"Los Angeles Soccer Association","$50","img.grouponcdn.com/deal/4Cwp4yv67WJvHeFGP7SGhW4UMMkz/4C-1000x600/v1/c414x250q85.jpg"
"Pro SUP Shop","$16","img.grouponcdn.com/deal/2pQUf58B72HZswLkmvmHcx8hC95j/2p-1066x640/v1/c414x250q85.jpg"
"CycleBar","$39","img.grouponcdn.com/deal/bzvNhn5qzNseGBSGwgmp/xM-800x480/v1/c414x250q85.jpg"
"Health Atlast","$34","img.grouponcdn.com/deal/5a3sVZgBTbhiBCrcXYZp/Qg-2048x1229/v1/c414x250q85.jpg"
"Bike Curious Rentals","$21","img.grouponcdn.com/deal/jtVDRd7pHmxPTbyPYLJb/ZU-700x420/v1/c414x250q85.jpg"
"Santa Monica Fit Body Boot Camp","$54","img.grouponcdn.com/iam/mdmY5HWC11UeggVxeLTW/k2-2048x1229/v1/c414x250q85.jpg"
"Marina Athletic Club","$29","img.grouponcdn.com/deal/aQYcSvDw2XzabvLkccju/sp-2048x1229/v1/c414x250q85.jpg"
"Health Atlast - Santa Monica","$27","img.grouponcdn.com/iam/n6fp7ak9XHQjetjGVCX2/m3-2048x1229/v1/c414x250q85.jpg"
"Boardwalk Skate & Surf","$17","img.grouponcdn.com/deal/65Y6oAMhQHeoFN2Sv59S/gm-2048x1242/v1/c414x250q85.jpg"
"Design Dental Spa","$38","img.grouponcdn.com/iam/3NeT69SWqnZb3tKiQxxRb2wY3uMo/3N-2048x1229/v1/c414x250q85.jpg"
"The Secret Pole Dance Studio","$22","img.grouponcdn.com/deal/6Q969GnvUfrG25HBGo6k/67-2048x1229/v1/c414x250q85.jpg"
"Omkar108 Yoga","$22","img.grouponcdn.com/deal/2KqwxYoST2yNHWYRCN5YJ1bttHdZ/2K-1065x639/v1/c414x250q85.jpg"
"YogaHop","$45","img.grouponcdn.com/deal/66yXLdQFAAYBQxK6u4bE/di-2048x1229/v1/c414x250q85.jpg"
"Ashley's Pilates","$42","img.grouponcdn.com/deal/3aCSRqK9yrLnuxm3JWkMY2B5xkkW/3a-960x576/v1/c414x250q85.jpg"